step,nematic,polar,nematic_2,polar_2
100,0.0,0.0,0.0,0.0
200,0.040773259415278755,0.045258323787027724,0.0024979588377529896,0.002801553456033821
300,0.047235627681894925,0.04927263799682777,0.0021274676707648483,0.0022438212224963447
400,0.04728991654563848,0.0569383359609811,0.0018428074209119254,0.002220793199894013
500,0.05691191089848056,0.058527784828521216,0.0019724092003197834,0.002008606037414665
600,0.06707322870380415,0.06014403770951034,0.002163626234169556,0.0019269169890895575
700,0.06289740181392525,0.06305062551923447,0.001891414430705153,0.0019064359893725344
800,0.05924023005713376,0.06704043061251687,0.001657195620933263,0.0018801341026774192
900,0.05884928398151275,0.06703242334887106,0.0015357284606320784,0.0017731024844736376
1000,0.06542106497000043,0.07002247981197801,0.0016429439456376329,0.0017792564852762201
1100,0.07471676274687156,0.06949487775592142,0.0018404924375489992,0.0017109635087579845
1200,0.06381644605967969,0.06669473923680648,0.0014990189371295688,0.0015668907578276095
1300,0.07231807357664241,0.06388627277987938,0.0016054021115789812,0.0014429323244087595
1400,0.07102126208066752,0.06764227589900201,0.0015492532193179607,0.0014882750021677628
1500,0.07114159420512982,0.0742539834777794,0.0014919429033998406,0.001554091928521605
1600,0.06805434001597364,0.06165546925505808,0.001410665158936664,0.0012619741004395663
1700,0.06700668562242504,0.07396555533456971,0.0013394792665406233,0.0015030517568273127
1800,0.0825021772839652,0.07253326139859999,0.0016087499262972505,0.0014543154145007476
1900,0.08020650640404225,0.07442182866125464,0.0015845105612098049,0.0014802176075413328
2000,0.07863834549860445,0.08062617466134218,0.0015322257911131894,0.0016217980617003731
2100,0.08473180244127813,0.07591101235515516,0.0015709288701964605,0.0014436440935220842
2200,0.08687730309628222,0.08084571652672971,0.0016174472491435944,0.0015723936134518172
2300,0.08555027541953501,0.08373281387304556,0.0016062620599346092,0.0016094011178168482
2400,0.08417076021120194,0.08554036331751684,0.0015266472304519248,0.0015914110824965437
2500,0.08484591463057846,0.08922822472700866,0.0015442776397275521,0.0016274626681700953
2600,0.07805013658986827,0.07855143852106672,0.0013971595397718603,0.001446633367665828
2700,0.08089050870070214,0.08033315468257038,0.0014634437802704637,0.0014914084100195353
2800,0.08772008367843175,0.08834696080137834,0.0015843079014786683,0.0016736890172228639
2900,0.08589033853748625,0.08698142850210877,0.0014987299121626033,0.0016442038484374244
3000,0.0952942954394029,0.08685413282981733,0.00165675007949357,0.001637264291666453
3100,0.0887180786285089,0.08898498928338874,0.0014770140652297153,0.001706740080131103
3200,0.09095499745247226,0.08639264325743067,0.0015824443594221927,0.001647365490998764
3300,0.08623697168926006,0.07916059303377401,0.00149465248874111,0.0015104729955735276
3400,0.08591548727055041,0.09060720006714491,0.0014658198552438546,0.0017009160088021522
3500,0.0729911068839742,0.09234695759538379,0.0012204998541783482,0.001672934912799616
3600,0.09382189112140535,0.08695053376713728,0.0015960170174664496,0.001576592540377741
3700,0.09057624968544557,0.08893896262692552,0.0015752483366454377,0.0016338488622580016
3800,0.09467033644739509,0.09046354532988805,0.0016392670818990117,0.0015716413248654502
3900,0.0862240608122464,0.08407337678117746,0.0015370975441916857,0.001504064778018733
4000,0.09316682726247344,0.08655140126685609,0.0016194885047519385,0.0015825087981913622
4100,0.0832236464750421,0.08494762042137088,0.0015067644684417375,0.0016012243037260246
4200,0.09425548593681447,0.08662804101535662,0.0016729917933706938,0.001573616762145111
4300,0.09380848031658244,0.09127006506035772,0.0016156865154299876,0.0016354289241452813
4400,0.09610765657120456,0.09458118210301955,0.001687656923595195,0.0017724705165557998
4500,0.08840713709352324,0.09788021937852234,0.0015719196300491766,0.0018533272141085424
4600,0.10086081559652157,0.08999317489047351,0.0017730014118282468,0.001758531452527484
4700,0.08645056265520479,0.09276007707853486,0.0015802468902316935,0.0018440952404917687
4800,0.08785782935953816,0.09692281846608068,0.0015915891440966637,0.0019127240618940478
4900,0.10244116213476477,0.09490015589527986,0.0017632302331658761,0.0018683988883913018
5000,0.10532930704159231,0.0952419943800376,0.001880733217056631,0.0018873295784980664
5100,0.08671480336812275,0.09337810552047707,0.0015839040909675392,0.0018484230900019088
5200,0.09778838936046903,0.09464753204937579,0.0017732363348313923,0.0019003885557667237
5300,0.09511097671351793,0.0902378841588168,0.0018686666163367932,0.0019054360051187834
5400,0.10512023185062896,0.09398009419403106,0.001959939063652399,0.0019761903752581974
5500,0.09768243989428867,0.09088927153574097,0.001878121704988688,0.0020996786264123727
5600,0.10836702496898737,0.09009339133892615,0.00206082859449707,0.002050185298719719
5700,0.09455886997811754,0.09591668595203687,0.0018142483626403044,0.002288869541053984
5800,0.09641169669727952,0.09568806474696234,0.0019009145142563002,0.002152482010359452
5900,0.10048230184379484,0.09324463738149634,0.0020251981962155683,0.002262176247976527
6000,0.0983448906250122,0.09399343852975608,0.0020054081422480785,0.0021928290276081873
6100,0.10093014740907236,0.10346048839172128,0.002022167775953252,0.0025239104359089976
6200,0.09909159004009713,0.09414769658846014,0.002139130775281877,0.002338124607603566
6300,0.11439405875327359,0.09214650373823832,0.002308253390805719,0.002263125406436479
6400,0.10188679416510152,0.09837925097756313,0.0021503579159242833,0.002484957844758568
6500,0.09910184844612499,0.08373111848023373,0.0021555823152359364,0.002176857539425034
6600,0.0981839456727714,0.09868811501639385,0.0020814939599979056,0.002551770853112337
6700,0.10784156754890813,0.09544242131469671,0.002273187842001108,0.0026912868451493027
6800,0.09444798602523212,0.10221651142516087,0.002056668610625036,0.00293969325734236
6900,0.10601352483133712,0.10080652852588295,0.002287759196051525,0.0030630650609200713
7000,0.09698124592384282,0.10234438455841208,0.0022355902913834525,0.003178058392030771
7100,0.10425941093455961,0.10301138037372022,0.0022634084447678677,0.003185508315833261
7200,0.10612915902168363,0.10438033797805846,0.002336108682511292,0.003535155667497808
7300,0.10860013105849611,0.10426926725115143,0.0022201022832112924,0.0035597187828496323
7400,0.1104691338955124,0.11042920621019417,0.0023570031649530828,0.0037777768215039695
7500,0.10249970538977955,0.10848015616492336,0.002328945190953342,0.004119273507709002
7600,0.10138142941880646,0.10978007867648877,0.0023781690541583955,0.0043253745083510035
7700,0.10061505013088953,0.10609003502712444,0.0024210624689072406,0.004536648903622064
7800,0.10296342840978161,0.10664101151432265,0.002616164252991601,0.004376538921627978
7900,0.11035817560591187,0.10503802879586606,0.002832278529895739,0.004457827248668615
8000,0.11320678321869537,0.10427990869583102,0.0028282105085457414,0.004500267291043576
8100,0.11360975859480946,0.09800472800614715,0.0028632932729164232,0.004393641815869748
8200,0.10410562274209328,0.09365055731686757,0.0028334121402810923,0.004495817012442402
8300,0.10591062506962533,0.1017828850292749,0.0027517774501736934,0.004500229579979223
8400,0.1036311671472691,0.0946635261729171,0.0027619891661182106,0.004422990785270315
8500,0.1038794554989371,0.09974449033964675,0.0028560742164366777,0.004483315938419076
8600,0.11023458468421629,0.10168256732765543,0.003092700282196173,0.004593416132877059
8700,0.10884829365777716,0.09084552090278258,0.003078050443906625,0.004423459942381642
8800,0.10585134340220573,0.10274947706761094,0.003005005675896981,0.004561397322389479
8900,0.11063077459065708,0.08725741131710894,0.0030650046806696444,0.0044071829668254755
9000,0.0947501872972644,0.09183522560879107,0.0026746628975394147,0.004486172605835957
9100,0.10894847668952286,0.09254109146353993,0.002902531011340056,0.004486410642128252
9200,0.10712225169980333,0.0951280838829319,0.003070952557231897,0.004513295160471156
9300,0.10281019324015951,0.09714317929234495,0.002962640846729671,0.00447609993235293
9400,0.10946116475832116,0.10599330918152712,0.00316530957485364,0.00474331387141661
9500,0.10572673377009603,0.09847100664861792,0.0030581369136259222,0.004586947194107219
9600,0.11630382072071638,0.0949422534963195,0.003556216660126097,0.0046893743442843255
9700,0.10304711927850152,0.09710107550498706,0.003371909342230721,0.004845853338709491
9800,0.10955848117411006,0.0951851385059513,0.0033965411377404036,0.004774881591232781
9900,0.11510583251489821,0.09659296476760255,0.0035916219986199273,0.004896988038951572
10000,0.11316322538847048,0.11052411751126429,0.0036363686045596745,0.00532439064056698
10100,0.1073323692710485,0.09913973474766909,0.0035825007915414246,0.005387765239446382
10200,0.12229439354131814,0.09684670031869427,0.0037991256646637077,0.005515123925376687
10300,0.09738525984380776,0.100504935022212,0.003235640872001229,0.005389317722525066
10400,0.10147315663578636,0.10041043098165355,0.0031582766765437336,0.005432282208713564
10500,0.11558909176789593,0.09916497097000353,0.0033095000477650445,0.00527902130436293
10600,0.10852476536254113,0.09465645059072572,0.0031310667379479424,0.005256912130965463
10700,0.11497977960643607,0.10243047045469303,0.0033582921304186335,0.005640307544011446
10800,0.11697563159972392,0.10611041552968292,0.003537861050401345,0.005757138602574985
10900,0.1096409645663835,0.0967694561765421,0.00365896808905513,0.005424623894591707
11000,0.10563812440995214,0.09982602044226901,0.0036036534899615085,0.005303446167595553
11100,0.10942774314381172,0.10270133382864097,0.003467960587700832,0.005472115285509468
11200,0.10861950158786304,0.09932346556120333,0.003337784766984078,0.005529920413780069
11300,0.10580726696720603,0.10447278406195347,0.0033240686473467894,0.005620764436698597
11400,0.10466482170916867,0.09015535973288921,0.0031451086010638248,0.005515882833171277
11500,0.10844399509149083,0.08370055790756495,0.0034767779802363785,0.005563972773510414
11600,0.11096621209304527,0.09873683691933446,0.003710983211015436,0.005708528038425542
11700,0.11376714220095203,0.09758372898301612,0.003952482362620697,0.005803316845403102
11800,0.11206838008167468,0.10106724072121516,0.004039967844671477,0.006112976804435986
11900,0.11104935471795668,0.10614550771981657,0.003925731069312231,0.00638480367328082
12000,0.11030125047445806,0.10277826273958657,0.0037816315035702737,0.006330064255200951
12100,0.10911708607887959,0.11117109961896283,0.0038755810923980097,0.006667356521378678
12200,0.10287448297569454,0.10292923560261831,0.003714153962272869,0.006580694223549045
12300,0.10129175948218452,0.11104266332930715,0.0034870070886690043,0.006973741910168137
12400,0.09681132504443322,0.10347479751667397,0.003449343984772055,0.006910934030132288
12500,0.10303236224719799,0.10876825684233246,0.0035679514530735736,0.007029385646494615
12600,0.09956393258483841,0.10357905854863325,0.003489331351163603,0.006807261106051523
12700,0.11012752518921817,0.09785630331082613,0.003727862132095335,0.0069300172180689
12800,0.10222567083669323,0.10599026314759485,0.0035568661271492817,0.007313191297972656
12900,0.10775692726612171,0.1050123170407164,0.003574607075281146,0.007418503966209466
13000,0.10373481842862607,0.1036121678630074,0.003442513840571764,0.007481279605239306
13100,0.10832242531793525,0.09875927449663291,0.003354736376152789,0.007461202996792355
13200,0.10569537250428304,0.1044091575248766,0.0033721428201657654,0.007593568601547654
13300,0.09929328343686623,0.09572130081784068,0.0033333227329087147,0.007491505163453055
13400,0.09534179758828826,0.11121338434960187,0.0032409548456104028,0.007641460572867515
13500,0.09514502455757307,0.0988162218780907,0.00335871263310311,0.0074029982418631875
13600,0.10686053514384278,0.10754461982306215,0.0035327574634072645,0.007604296226331332
13700,0.0959944537318431,0.09672689204090192,0.0032349175037744695,0.007381810945624883
13800,0.09611535328378114,0.10092412004071806,0.002998329163358914,0.007286893764646846
13900,0.09938697812735828,0.10060356567427145,0.003168033366415176,0.007474010843248333
14000,0.09784522150522451,0.10890161454066304,0.003092297434836838,0.0076741090229586984
14100,0.10791584025454674,0.10518395982817667,0.003336930617376856,0.007676614071047099
14200,0.10352572266069096,0.10294003705770088,0.0036687814681539534,0.008072878867535972
14300,0.10452262792337189,0.09234808616163269,0.0036692563507795036,0.008200256358715217
14400,0.10027939636783091,0.1037916576949945,0.0038677156804389936,0.00888660266594265
14500,0.1032397933843672,0.11137106436600691,0.004049900287365151,0.00936402735208126
14600,0.10901549260746884,0.10896222440476536,0.004406976991255756,0.009467508877548787
14700,0.10571239525887895,0.10989773354660178,0.004803720066205454,0.009549793466269055
14800,0.11605966552902997,0.11282807226010508,0.005005548979329068,0.009970614704141375
14900,0.11382870927382127,0.10765631727647575,0.005084593449778285,0.010045599808605652
15000,0.09939852467752568,0.10191130428774767,0.00459604753343036,0.010240100331373894
15100,0.11450328168737511,0.10323467816470341,0.005053057539610117,0.010483184495947486
15200,0.10952039853261336,0.11594422221041258,0.005243131579528497,0.010839787222027782
15300,0.107897302763625,0.10657298446819306,0.005349606123309091,0.01078974622541795
15400,0.10078563063409106,0.11248099170870798,0.005180390802618747,0.011138762796227188
15500,0.11266657975603717,0.11335897018050459,0.005819138096143636,0.011233503812375572
15600,0.11272327986550466,0.1102557430379978,0.005969749243325041,0.011339558733764422
15700,0.10892287811274376,0.11642508886301928,0.005915392592165686,0.011381815606435522
15800,0.11087512940284538,0.11626333125323485,0.005682974312662655,0.011357009193812256
15900,0.11442823315003224,0.11401063534654009,0.005845260371619642,0.011317924371256201
16000,0.110043700824277,0.1090664706107722,0.005446299668354517,0.010772637985007225
16100,0.11026371496783768,0.111698076966315,0.005212022404878491,0.0109687908546562
16200,0.10851583660226814,0.10830355667960692,0.005076274748857412,0.010844287411637942
16300,0.11553242331258691,0.1071959370167014,0.0051778951404991115,0.010824409362116292
16400,0.11051410639410489,0.1092448951406441,0.005145660238984253,0.010892052235620056
16500,0.1103655755739163,0.10484325675350634,0.005274636265243115,0.01097676759034127
16600,0.112971788709286,0.10527083536319363,0.0053247139485332416,0.011055516841656976
16700,0.12027998133336432,0.11506752966645112,0.005456018638075524,0.011037054334907932
16800,0.10169231412524408,0.10563156486362166,0.004969490162899926,0.011313582805699838
16900,0.10411602911046225,0.10376544267766159,0.0047045374472622775,0.011264131668753787
17000,0.11162949180084183,0.11461719760213661,0.004584384236182546,0.011346938667259162
17100,0.10823787848917425,0.10381044912717526,0.004756569743671246,0.01115415318675799
17200,0.11359465173396381,0.10464546332516653,0.004677911524803772,0.011248167749459144
17300,0.11526726106810115,0.10486311100516851,0.00482804329754343,0.011378085813095672
17400,0.10326067137860903,0.10515084874067959,0.004605956361726336,0.011560583943571769
17500,0.10103013887397616,0.10872141960914398,0.004343242988670201,0.011581048926329357
17600,0.10278350193829444,0.11026537771516269,0.004530196715527796,0.011680541773369352
17700,0.10765909293331415,0.10872960924223186,0.0048002838153110745,0.011623292040691931
17800,0.1173822903019569,0.10437795394881859,0.005095492589553153,0.011188765747913883
17900,0.11425390609169847,0.10717960716558786,0.005205562886682113,0.011395445910342012
18000,0.1026600585089673,0.09927134598052245,0.005158642953472276,0.011266798887663739
18100,0.1112334519127762,0.09619372612636692,0.005003988670305327,0.011252985207604123
18200,0.11055865837641625,0.11210292073873533,0.005032104240720549,0.011568061600053116
18300,0.10473464510222234,0.09877387847662504,0.004666247605407701,0.011488379842699662
18400,0.10187395042514823,0.09920896006871187,0.004207652684309636,0.01146088793969773
18500,0.10330716872993707,0.10329505747728317,0.004195722152126382,0.011543334944267531
18600,0.100254944472024,0.11301277570487639,0.004333530798396005,0.01136449056794431
18700,0.10796479621559477,0.11303256169111976,0.004812858787960578,0.011551727386333985
18800,0.10457839576331349,0.10388695397824962,0.005102959589899604,0.011454726949052842
18900,0.10266865262854653,0.11167585496054276,0.004883218903555826,0.011714884295779288
19000,0.10940996152069563,0.1048434711885336,0.004744163107103301,0.011747490140658168
19100,0.10947976715484921,0.10519758826870014,0.004466123955911608,0.011447122646254526
19200,0.10806618360997211,0.11797027253622512,0.004233111148789315,0.01170206389294145
19300,0.11403343680040659,0.10761777941904187,0.004546470259867754,0.011577044096975738
19400,0.10863356009671617,0.11079630756312657,0.004431455966018683,0.01189452146988412
19500,0.10337739882693171,0.10274276255349012,0.004232115907447753,0.011816849990158461
19600,0.11219026746165969,0.11298183816212652,0.004401814021051919,0.012325770709606422
19700,0.10862748476450172,0.10306885071019936,0.004102177104055658,0.012264641168245525
19800,0.11081849073977137,0.10428990411180204,0.004302708288113826,0.012417578223732849
19900,0.10570896501447295,0.11658920826390592,0.00467651981265184,0.012792839724296108
20000,0.11728622893706882,0.10925925298874142,0.005087272682166711,0.012976460755109756
20100,0.11448265862611547,0.10938699573898428,0.005231418717662713,0.01340444418484778
20200,0.1026944156500294,0.11556993378764914,0.00531124316043702,0.013468051614418103
20300,0.1112783496627748,0.11026255365611456,0.0056816402067790175,0.013445003169934787
20400,0.10494164031143909,0.10854267086103273,0.005809528794084136,0.013487804565813482
20500,0.11458820288160296,0.10640763069425986,0.006092271682948949,0.013640920820682306
20600,0.1112005064207302,0.11297403785389644,0.006052251601420776,0.013973292270478175
20700,0.11313222269257764,0.10181384277449197,0.005914131592254956,0.013838813972447114
20800,0.11205510580221241,0.11962386920668329,0.006014838801593063,0.014108662757058816
20900,0.11584009943355018,0.12023093152184555,0.006166140681964706,0.014194180722222463
21000,0.11123530404763309,0.11469701432578255,0.006102783335036182,0.014121853885650796
21100,0.11204034656120487,0.11118948450543524,0.0059785732179772995,0.014371240634787856
21200,0.10917313428552243,0.11589936814056775,0.006070599660430394,0.01413840565941334
21300,0.10710889415579135,0.11706259745240993,0.006192259776928767,0.013916798845227904
21400,0.109970890585781,0.11095736672269148,0.006489373570424236,0.013544030605516169
21500,0.11003123929758613,0.1136471971452468,0.006510653005866593,0.013705866662049438
21600,0.11316978845023615,0.10752760063936798,0.006736643726484555,0.013711279563714825
21700,0.11851314750664903,0.11071061855521548,0.006828938929915819,0.013552676291664538
21800,0.1147678639616623,0.1130756718639425,0.006938303972715796,0.013784169862164656
21900,0.11000694935529415,0.10468876238583573,0.006806968987339676,0.013299827091224263
22000,0.12544978315875707,0.11443622434089322,0.007273698389118671,0.013251214860227636
22100,0.12077198553931798,0.11624863281577509,0.007161993821738895,0.013285398461418014
22200,0.1227223233364362,0.11316686069095835,0.00717720564435724,0.013153123123783896
22300,0.11898987658019232,0.10704552627785895,0.00707032129334248,0.013497432602584965
22400,0.11363988566916235,0.11889033373549002,0.006820932139741905,0.013974306667487646
22500,0.10507709148946466,0.11284985631437376,0.0069525532006391375,0.0140714691142167
22600,0.11185722732164656,0.12668464647905456,0.006832673135628519,0.014301342079854578
22700,0.10923047476780798,0.11541203628797596,0.006684904422572746,0.014204762243892083
22800,0.11025961726940417,0.10564448987453355,0.006487510186460479,0.01409613794923767
22900,0.1076244747096796,0.10403308041909635,0.006463688777280969,0.014004397539938755
23000,0.11100257813881831,0.10593271362245371,0.006774976714668618,0.014297810967484717
23100,0.12178121437565655,0.109244509099674,0.006503340708031749,0.014336447668910115
23200,0.11435496879988905,0.11366980489504669,0.006165157777494474,0.014428560755203256
23300,0.10417125236478458,0.10848695494258084,0.00604871049792877,0.014290436589579276
23400,0.10724380498331987,0.11086845266978898,0.006161049788494461,0.014465760074942536
23500,0.11001257810902416,0.12316763425989183,0.006418866446181309,0.014503868719222563
23600,0.10899283609258223,0.11670012237716268,0.006752035032591515,0.014277239528022918
23700,0.10305852489375482,0.10434346192532684,0.006213326994585818,0.013897418115351752
23800,0.11572895149468662,0.11461782036390462,0.006565868533285578,0.014003371174843848
23900,0.10619762907600615,0.10954011290899558,0.006466833354869926,0.01378726033610363
24000,0.10333134051574464,0.10909551517211243,0.006292579067587471,0.013613015476624172
24100,0.11909563770554421,0.11014267554004678,0.006322719978290218,0.013286832688349013
24200,0.10966951187070627,0.10316553322908568,0.0061378028951404795,0.012741044722213931
24300,0.1021251218660172,0.11118398279551275,0.0063002658921630025,0.012646426660337376
24400,0.108496999291611,0.1121419089090335,0.006427175917941634,0.012422179063384874
24500,0.10710206774338397,0.10376378209471643,0.006492228395912052,0.012250941579961901
24600,0.1034482208986558,0.10433583299156834,0.0068112149983014765,0.01244249376851595
24700,0.11385557174306454,0.1098733026475376,0.0071011521833629606,0.012790189231128249
24800,0.11521329691862629,0.10365424381269664,0.007246358804860719,0.01281469726612945
24900,0.11224161936084878,0.10528315744611513,0.007274170385433246,0.012891276520238831
25000,0.12108020861550606,0.10618889674449866,0.0072723877621164446,0.012727907030032185
25100,0.11082751674634891,0.10671389729754269,0.007108387046111068,0.012819109693758714
25200,0.12151858084880368,0.11198146039642218,0.007595275172344819,0.012928195121931744
25300,0.11168536171566255,0.111244214096629,0.0074271303624920074,0.012688885537163446
25400,0.10904169500582911,0.0990200911052689,0.0073692318980686945,0.012565200513083375
25500,0.11472474563598287,0.10463598609019642,0.007186532198852115,0.013101740680770387
25600,0.11180118489840397,0.10788702966318128,0.006986084806508567,0.013324678924054562
25700,0.11110106943655457,0.10918318995421887,0.0070385074232180165,0.013537992807775335
25800,0.11035453521948403,0.11201840412683352,0.007220310378825475,0.013628902002259576
25900,0.11282667436641383,0.11745203029078514,0.006999114251465291,0.013636361592056093
26000,0.10298475118941743,0.11007118645671318,0.006700070803074382,0.013537382836952865
26100,0.11724617385759262,0.11458007826628844,0.006998930485486709,0.013361387707137353
26200,0.10884883663341441,0.1118366894183519,0.0068173788731936275,0.013260614305274775
26300,0.1029514776892755,0.10749267036325465,0.006565553088351573,0.013425822730039397
26400,0.10124154284665149,0.1010304215878922,0.0066253310526994715,0.013247868864015092
26500,0.11900767453612131,0.11152783554759983,0.006932027463237437,0.013861976217871115
26600,0.10326058496602174,0.11508382751110799,0.006746288171311455,0.013680052025382741
26700,0.10823715318546041,0.10927477346538846,0.006881165294224441,0.013677686958777684
26800,0.10675236494901412,0.11029322845132107,0.007017769707492232,0.013509650991633109
26900,0.10964845699763931,0.10291145954719241,0.007305425339447124,0.01332240857119503
27000,0.10828551929659053,0.10656384295216677,0.007572726087600203,0.013327048512332663
27100,0.11874672786452524,0.11311343152066913,0.007587064273728723,0.01364377694912968
27200,0.11303381532007276,0.10125574801106163,0.007160789574850047,0.013595472636843551
27300,0.11481619007227385,0.10400854662196861,0.00693252399365642,0.013467456840911773
27400,0.1135325605235539,0.10611997835795399,0.006689232551532516,0.01339772166417266
27500,0.11842932724905443,0.10279726531370403,0.006922599989538788,0.013241912078731034
27600,0.11501216594468905,0.10127625842166421,0.007102592934729525,0.013024939436932505
27700,0.10898755517501585,0.10910811999641654,0.006956213911412899,0.01301727445878003
27800,0.10765553239903135,0.10398124324892381,0.007098135305878038,0.012958286111883745
27900,0.11839006113065904,0.11322723873681867,0.0071163565863451225,0.01289458833817759
28000,0.10720215317094582,0.10902160745533356,0.006985676131418207,0.01287707898805653
28100,0.11619378616829458,0.11295127234096931,0.0072936907008414684,0.012777456466128975
28200,0.11035625818754696,0.10972660228138006,0.0075135839637124275,0.013048395691447527
28300,0.12006339002033277,0.10293993318115442,0.007640361489909853,0.012780313098474666
28400,0.11919768061963286,0.09662686027737794,0.007680765838971448,0.012766170538389488
28500,0.11198234563711956,0.10831795970433337,0.007471400066970525,0.012884783284752172
28600,0.11098064388200769,0.1065460272718126,0.0075800543269982906,0.01284661068433711
28700,0.1114281273535049,0.10180335399029246,0.007700181971213106,0.01280414450432006
28800,0.11117508641059033,0.10619005885400377,0.00767653583890477,0.012729921585287787
28900,0.11069491485865417,0.10674555239295999,0.007728864890159691,0.012391961004808756
29000,0.11968185981349039,0.10290621602748963,0.007798084001473523,0.012158309807991754
29100,0.11444182620965042,0.10599579184622691,0.007675902247453993,0.012154350778967492
29200,0.10656712027201719,0.10083700835816098,0.007577474129541789,0.012096109985247861
29300,0.11799700665333211,0.0951231737937906,0.007667482131346229,0.011830306466902474
29400,0.1158093883467431,0.11159075536592895,0.0073821489762152725,0.012105917164886869
29500,0.11140164915983036,0.10830343179565387,0.007180209381963458,0.011839067398692346
29600,0.11404877672086841,0.10293862820026348,0.006879750632596943,0.011607434497629179
29700,0.12032825955367818,0.10570000984553345,0.006918285333585581,0.011409243783169714
29800,0.11337738519911446,0.10343165914126683,0.006167870087521658,0.011543783231328257
29900,0.11416210063271888,0.09715502677837941,0.0059658751910115675,0.011458044808253064
30000,0.11697237214664412,0.11051097393097342,0.005837187289044877,0.011787188470671017
30100,0.11656048874611953,0.10639881100576368,0.006080455241237635,0.011756168361530117
30200,0.11995436415429243,0.10260066122044388,0.006730951262524204,0.011713021027090282
30300,0.12091877199973448,0.10163441901484604,0.006612760225235402,0.011612657498953885
30400,0.11801844393320306,0.0972208035385777,0.006702938456388623,0.010963997043802274
30500,0.11115826394742497,0.09568505809346653,0.006913312596665001,0.010724229272497766
30600,0.11032940349060372,0.09577254578770118,0.007075420046174377,0.010935641973228142
30700,0.10955752630487214,0.10224688626789198,0.007095034328945904,0.011007673440415873
30800,0.11082789158338995,0.10007866334057576,0.006700634447474856,0.010975538787506985
30900,0.11441257091574374,0.09937264563748037,0.0067221417141416755,0.010806574871792781
31000,0.11480352416403537,0.09374226800616658,0.00637993043324748,0.010747943570713896
31100,0.11188109657415589,0.09932622354638287,0.00620552353115936,0.010786064960280136
31200,0.1151757552248589,0.09925744693922219,0.006092379224203629,0.011004501921484893
31300,0.10335778787932463,0.09957735181475527,0.005565012814083377,0.011328482406516736
31400,0.10979879460182167,0.10333297643693866,0.005492759843742183,0.011346379096104574
31500,0.10969801469959561,0.10979237889310732,0.005378939948894573,0.011773431934572342
31600,0.11989627911272081,0.10710418141241532,0.005455644963539784,0.01225879002366848
31700,0.11249992732595951,0.11827814001532097,0.005360316621409826,0.012640041991759336
31800,0.11008842018980082,0.10911638992626682,0.005282735596119517,0.012601646927668955
31900,0.11864618651306676,0.1078137279042705,0.005678604739151969,0.012622656821223746
32000,0.10059413622734441,0.10591548506196301,0.00561302695827217,0.01254991483250082
32100,0.10869046629193163,0.11212432854583944,0.005485868844135408,0.012706046334038174
32200,0.11046259335312197,0.11882154485529929,0.005863343523572988,0.012729011984590775
32300,0.11165920249098935,0.10885631824764512,0.005922925609690666,0.012577742876470215
32400,0.11231530973363016,0.10304899893213554,0.005708795306320955,0.012543002910652721
32500,0.11426825970684873,0.11149274443433273,0.005775755493183654,0.012737179222585167
32600,0.11393462465932987,0.11072366280962215,0.006102197296818011,0.012875645695794252
32700,0.1152058111853693,0.11282683035729558,0.006665888551453231,0.013254040367226015
32800,0.11725482592243343,0.10201938130984764,0.007005647149690786,0.013252417494513925
32900,0.11995381010061806,0.11160238267744922,0.007431695584204057,0.013570194652109992
33000,0.11046783198454756,0.11293876372837305,0.0072775429462272395,0.01344557325278008
33100,0.11355025180595132,0.10335686181061876,0.00714291998912464,0.013364253625991498
33200,0.10926972029194426,0.11685404088118825,0.006929601587420719,0.013545113571552955
33300,0.12300027127714028,0.1171424840964718,0.0065160008149818885,0.013391069210612979
33400,0.11388802794159955,0.10167459400817813,0.006072031183463505,0.013397567164349066
33500,0.11315264976042949,0.11093971595992175,0.005816349256410275,0.01371823100634373
33600,0.10809186675746323,0.11758411972871387,0.005615030419809556,0.013933612536696999
33700,0.11217045927590473,0.11943155671219366,0.0054922774869424346,0.014150100287932012
33800,0.11082483628387432,0.1157820633331382,0.005188349299767697,0.014022730490566309
33900,0.11115356964020898,0.11341502416212985,0.005183801619972078,0.01385662728538139
34000,0.11426401223821038,0.11366660066088542,0.005288004089086729,0.013834483209352785
34100,0.11192500469309251,0.11345807190275642,0.005313306242194063,0.013654139203884122
34200,0.11257775921835945,0.11477645409065285,0.005208005571258427,0.013482573685005356
34300,0.1037625301219851,0.1131853234009314,0.005052224243824709,0.013490522848068022
34400,0.10995813367436695,0.10900786867431596,0.00539557893391113,0.013677733371983204
34500,0.11329637709439455,0.10174263288795882,0.005420131959291656,0.0135884035252192
34600,0.11465894420177819,0.10874863780643504,0.005407203670103622,0.013666761714894914
34700,0.11441850236465637,0.11277814611483757,0.005545214913389135,0.013719270973384719
34800,0.10872466608837311,0.11428870645508686,0.005620109824740275,0.013833162471374668
34900,0.11549282255230034,0.1232294478605663,0.005928823293320533,0.013610385471959318
35000,0.10708348779206725,0.10038595689156421,0.005927264621325177,0.01348011059362783
35100,0.11898927906378522,0.11253822713552564,0.00608758644600285,0.014022185340006857
35200,0.10965207932281695,0.10941835807656672,0.006146608929875653,0.014237662339024963
35300,0.11544478629762403,0.1156422989738248,0.006118868602146052,0.014458768582539026
35400,0.11347444698078775,0.1032755643489876,0.0063566616861531425,0.01441255665621612
35500,0.10763463586799611,0.11170100739550394,0.006305125670940931,0.01431806846378417
35600,0.11827715929215138,0.10747341101771184,0.006276648995767582,0.014033394179308548
35700,0.11387107141372182,0.10727619603881451,0.005866755890988458,0.013896161332791
35800,0.11251295590559814,0.11037014753230086,0.006295451405228276,0.013757241953880018
35900,0.10350766268867158,0.1238677442549441,0.006116744705475856,0.013482274152652558
36000,0.11118422801077314,0.11178800468728943,0.005919208868467199,0.013091908340959631
36100,0.1105008393503406,0.11502358494481453,0.006019391684138626,0.013537136923803973
36200,0.10966012346061058,0.10563042247396331,0.006011469992113066,0.013705032181682368
36300,0.11395425060908115,0.1174970687585983,0.005794477555745423,0.014196530363822095
36400,0.10781928074008464,0.11157585699846588,0.005541932277189888,0.014121074792385698
36500,0.09865344150964438,0.1165116678342677,0.005173230962651174,0.01401686004551594
36600,0.11246448112042202,0.10829366872298486,0.0051538864634507785,0.013631477785080453
36700,0.09663503499067021,0.11353967038295985,0.004802123797874806,0.01316560753814443
36800,0.10948516276318584,0.11600483009606823,0.005182148155645636,0.013002238531283808
36900,0.10820460955651703,0.10918377387846495,0.005113105706470148,0.012603238274208266
37000,0.11390761111431286,0.11579138176700189,0.0054533190962436995,0.012227409261970707
37100,0.10604749538111644,0.11586736097964824,0.005284525655039646,0.012156437555918713
37200,0.10874816168991097,0.10785102676386708,0.005287436638749195,0.011781742330992322
37300,0.11468515548064018,0.10530595025209226,0.0057814967427888015,0.011768874848048798
37400,0.1080837001358785,0.10730461001548179,0.0060518148047171965,0.01172849199759275
37500,0.11618868105794958,0.10722290342990468,0.006591116319080916,0.01153515470822793
37600,0.11065212993572769,0.12224145913080428,0.006489340303396332,0.01150163770008591
37700,0.11061455143029147,0.1058186599822679,0.0066881167296022614,0.011268511969311988
37800,0.11645505816750855,0.0957623842693841,0.006640411574129992,0.011394723359246845
37900,0.11672395267143942,0.1058351582881254,0.006474866217726709,0.011901890439611882
38000,0.1158857730646608,0.11879962319980633,0.006647051147067931,0.012350372850782162
38100,0.12882714511753787,0.1038207245871412,0.00692790268562085,0.012551776230591298
38200,0.11277045155376282,0.11605787115847692,0.0065579953972197584,0.013201735780365926
38300,0.1123413693253784,0.11325729954773942,0.006749870862580749,0.013553945699752086
38400,0.11305931879772692,0.1038945412892157,0.007012326650287761,0.0137371791749021
38500,0.11782815183436983,0.11382865888726613,0.007013758141907621,0.014280062989436225
38600,0.11864647944547162,0.1139770035089704,0.007029022297956952,0.014352307205836192
38700,0.11859975677094395,0.11719979319548074,0.0074182289574348985,0.01447019451297808
38800,0.1144119879111755,0.12392806305271135,0.007716422056727356,0.014829271975362213
38900,0.12007358335098303,0.11559281658015426,0.007822835264348769,0.014660109696421224
39000,0.11870835124979685,0.10320811650727395,0.007508858192869654,0.014640666781523936
39100,0.1136142797928287,0.1209798323420736,0.006907637888716539,0.014807204582440576
39200,0.11403194590821807,0.11540590441303031,0.0068803178925347045,0.01476053909325539
39300,0.11437210858546941,0.1172667551331208,0.006676715867841663,0.01454024051563882
39400,0.11239416338887923,0.12149380064845884,0.006162450469589647,0.014416213878464364
39500,0.10918290887220009,0.11809630578946129,0.0060695869690644295,0.013943940492751987
39600,0.11272055592327372,0.10582927359429457,0.005994558544852984,0.013749787341677313
39700,0.11512062836489086,0.11125470313335246,0.005954148927164541,0.013745255569116823
39800,0.11303006983836535,0.10949145945432642,0.005925303022189678,0.013689705073675092
39900,0.10890669368234951,0.10222820581726295,0.006001671635473411,0.013538015837047203
40000,0.10871331271578917,0.10712150334928489,0.00641001578179748,0.01356122822772491
40100,0.11052672513841884,0.10636893073108075,0.006407779971083292,0.013794638968314583
40200,0.11007645618536638,0.10369267503100207,0.006044891282861373,0.013810501474267604
40300,0.11555005711401702,0.1078007790028295,0.005907253820893751,0.014174185340320757
40400,0.12101316256260208,0.11026573790462631,0.00604130445057171,0.014252533598859304
40500,0.11520037392966886,0.10692926196395622,0.006077815007500573,0.014571961834846827
40600,0.11420592396997119,0.11359312846457882,0.006543781195421749,0.014527074323365028
40700,0.11161317706490975,0.1052224416885645,0.006759631370502695,0.014695721922613075
40800,0.11602605801734094,0.10392844250722938,0.006974965739701779,0.014658960950520382
40900,0.11091750645370255,0.11168530620215213,0.006888108776200228,0.01493601320887279
41000,0.11764508799292793,0.10998252031515134,0.006744136790712905,0.015327807922629624
41100,0.10890584152766619,0.11046753440952897,0.006533143350258797,0.01564306368612802
41200,0.11411018824417363,0.10981980100259753,0.006282184901966042,0.01572404433487184
41300,0.10469927097689803,0.10287375497214742,0.006319873980481829,0.015928941447845357
41400,0.11030521304482915,0.11322401084065724,0.006629340569823655,0.01643068143858034
41500,0.12018634628549357,0.11646838199405549,0.006988144355682865,0.01663429072391261
41600,0.11657378270214179,0.1063732035507157,0.0073571464879348455,0.016587291854072244
41700,0.10616274173916465,0.11379900310706946,0.007628946471324102,0.01713434794071856
41800,0.12420196361756407,0.1114753517223711,0.0076695814945974316,0.017115183882047396
41900,0.11219574780069183,0.10857248992428989,0.007597183482289164,0.017280716757089833
42000,0.11995018178704833,0.10881228764669418,0.007919521317194795,0.01731871794445622
42100,0.11578726313044166,0.10952881579693226,0.007963765774020892,0.01767111843740109
42200,0.11224663275432523,0.12076610628411265,0.007639822156326244,0.01761429453695685
42300,0.11518671057479056,0.11686038410795593,0.007445625287006852,0.017291305889497316
42400,0.11551698844227266,0.10753876192419372,0.007934320864654006,0.017214233960010986
42500,0.1151677972127128,0.11329525999779165,0.00801514378308134,0.017424439444795336
42600,0.11822054073741152,0.12126928572706532,0.008624672920777503,0.01745624643005418
42700,0.12017427429621648,0.11085450435699297,0.00928434036449349,0.017294410431151507
42800,0.12574210608673306,0.11344490689446429,0.009536182369190427,0.01733102461554155
42900,0.12557817612191632,0.10915735046532361,0.009812034671614012,0.017424033765345587
43000,0.12242401454766709,0.10712420154554045,0.00975793359985521,0.017317330429672557
43100,0.12513982437516877,0.12094905962256217,0.009459124920137646,0.017599829005153413
43200,0.12741916426602257,0.1151257247598275,0.009142008774928864,0.01729032725897678
43300,0.11967277756160519,0.11008936869799975,0.008909182001420716,0.017297085009761425
43400,0.12235483641759257,0.10609398133266079,0.00876374560170501,0.017011356379866296
43500,0.11494396484232428,0.1060471966773408,0.008349632421708435,0.016950487419252175
43600,0.11867900837918774,0.10497999192702441,0.008474502773080171,0.016890481840709237
43700,0.1202118747333547,0.11268312668758645,0.008706647050798556,0.016890912342387657
43800,0.12229553641851887,0.10358464014664122,0.00870734858488617,0.016788023309098933
43900,0.10944384679098647,0.11405870726814138,0.008113697717876648,0.016808875816292503
44000,0.1174797056682813,0.10643349895767427,0.007896432916657252,0.016621723891150044
44100,0.11507597247391614,0.10905795407871813,0.008052942490620331,0.01677320868683446
44200,0.12032542317724565,0.10894622663314064,0.00824996836272102,0.016784439131318468
44300,0.11800746144059898,0.11005573806380728,0.008340280567300752,0.016879583756647026
44400,0.1090776783291817,0.11368527551118321,0.008083623886545599,0.017276710081264975
44500,0.11924834086690543,0.10802031528020753,0.008289993052104837,0.017078338787167135
44600,0.1126103513706327,0.10745284008976391,0.008391343186902215,0.017311874285074053
44700,0.11645544208340387,0.11021145917293539,0.008874150329398749,0.016998247445576497
44800,0.10822121668877087,0.11345157130290015,0.008925131865008385,0.01673455864251149
44900,0.10660608668516548,0.11136373002078541,0.009242929526258182,0.016487268327487727
45000,0.11878749239345879,0.10618904084840093,0.009260481212605908,0.015930788298954744
45100,0.11594934280466818,0.11204499264936191,0.009008137131061389,0.015576469520635614
45200,0.11507269340210347,0.1053377439207743,0.00881990811362591,0.01525239103204067
45300,0.1226681612640612,0.10960595108715877,0.008687817609390431,0.015233267006573173
45400,0.10986314156630485,0.10313002127686517,0.008385267154629871,0.015157803327576276
45500,0.10693266492605494,0.10030766680644103,0.008457437527265924,0.014935485251704239
45600,0.11958473807113115,0.10358200467413983,0.008423927300227728,0.015019567807871285
45700,0.1243176872478606,0.10705600612255567,0.00887015776643317,0.015103819918739811
45800,0.12070206410738593,0.10235921520339854,0.008567159711335948,0.014913903202382795
45900,0.12321448529323913,0.10417051899899751,0.008584677498756086,0.015173346694957136
46000,0.11221383752772392,0.11265749875888333,0.008820289397095817,0.015493615096266913
46100,0.11746806648300524,0.10618267260923966,0.00900582698618966,0.01535616905534955
46200,0.12266762001012406,0.10487811519210433,0.00904856612544301,0.015773422697069932
46300,0.11406558718290587,0.11109919439599039,0.008807980763593945,0.01585985218226442
46400,0.11119790662806789,0.10711954945063133,0.00865395027017228,0.015635735165784398
46500,0.10558678013461059,0.11074402163919438,0.008546283012776369,0.015772601196422358
46600,0.1156224643043477,0.11013441370769204,0.008150181270512463,0.01582874926914513
46700,0.10762405751529203,0.1038315507312936,0.007720108583811246,0.015651777831479977
46800,0.11507839707566209,0.10630946469820794,0.007026796905217644,0.015961175307064552
46900,0.10964933931383206,0.10846320472731978,0.006779798309219353,0.01575844732434243
47000,0.11766435005076271,0.12247883809090232,0.006704432615533223,0.016058528894282522
47100,0.1167319735801515,0.10786441861553882,0.006334142140123963,0.015791284223805043
47200,0.1172331528195367,0.11082848029458327,0.006451511304472408,0.015849581308925716
47300,0.11941357185215655,0.10796412771046474,0.006604361058473635,0.015954243058407383
47400,0.10788888356049163,0.11165747256490806,0.006500589450028554,0.01610038411365295
47500,0.11672298868261197,0.11280353701577285,0.006698864028720612,0.01605322917551762
47600,0.10890155098492652,0.11273059291881975,0.006982430585066666,0.015775028515466496
47700,0.1204959667359262,0.11162593416853094,0.0070472063104083365,0.015854489438179898
47800,0.1175125512343284,0.0982546007062297,0.007220178861914078,0.015516271911859092
47900,0.11719900909021504,0.09733513013584622,0.0075393612412319715,0.015219232858319545
48000,0.12087090354326285,0.11482162988431159,0.007424153969697042,0.015861659793624885
48100,0.12135384806277733,0.11050111581831423,0.007143361631328239,0.015732386300762017
48200,0.11554836261440864,0.11288747985634001,0.007376847633955583,0.01572640053387698
48300,0.12510986311111644,0.12185969675466266,0.007543897427805357,0.016079631467501927
48400,0.11899711425982193,0.1112882126385177,0.007565820526036566,0.01586729700454245
48500,0.1196479375178505,0.11393761645763312,0.007554009505290959,0.015756983002321437
48600,0.11950218820492421,0.11206301486540927,0.0075878027273204186,0.01578616010193225
48700,0.11973420444140431,0.104489766973902,0.007767913547139496,0.01552089135947845
48800,0.10867489683890223,0.1108278967339115,0.00781351736451778,0.015676900915942985
48900,0.11107058781016002,0.0991069701543785,0.008099630416483915,0.015477953807924544
49000,0.12150456469579153,0.11209333883060585,0.008332351078563414,0.01586656588138766
49100,0.11150870005413847,0.11034274423545737,0.008604435736025474,0.015920269164728502
49200,0.11411861684552613,0.11154800026538822,0.008505746522124486,0.016136255310802726
49300,0.12482612911866155,0.10553629668365522,0.00866005318925217,0.01612241636093067
49400,0.11617185760068026,0.10446654104961503,0.008946605839822553,0.016316786824697675
49500,0.11790966929489276,0.10723349389481332,0.008955734920374507,0.016180591928847396
49600,0.11497649935154748,0.10977459208873892,0.008850961150924484,0.01609070336961349
49700,0.12185941080103577,0.11635307722326438,0.008915581450980823,0.01590020825459728
49800,0.1188838169882049,0.11966669499445218,0.008955395126546731,0.015773799276090978
49900,0.1213858771131063,0.11159469338994374,0.008640282258930461,0.015949083025167517
50000,0.11374910886389453,0.11297037081714228,0.008139388539070504,0.015853553226317894
50100,0.11292243123900422,0.10922086630841955,0.007488881170334035,0.015839899962280444
50200,0.1116641985073309,0.10774332490331343,0.006772522589955621,0.015574387021635352
50300,0.11251027376804182,0.11237402664801707,0.0069768460108986016,0.015561081351820846
50400,0.11377064432742352,0.10789329903333487,0.006886672103157474,0.015107445439775631
50500,0.12587065893667032,0.11204730507751866,0.007203684212400829,0.014780649558968172
50600,0.10909848364303938,0.1170073213145999,0.006768188073112372,0.014750612231993542
50700,0.10917093673642153,0.0991599220569616,0.006580786846888056,0.01439280144857934
50800,0.10709721932579501,0.09708425244990418,0.006192437944552339,0.014151738249436864
50900,0.10963173003640285,0.1032347537761671,0.006173637594970904,0.013871829387911925
51000,0.1109187394530403,0.1031479550455372,0.006271398955367349,0.013807858502934964
51100,0.1219382256653812,0.10702302430758902,0.006531364216311802,0.013660518316962033
51200,0.11134051625167342,0.10008989795091441,0.006641857165922608,0.013437375994492027
51300,0.1080259738627105,0.10175682713327759,0.006651772553392737,0.013359915707846282
51400,0.11683115849597,0.1048489031791151,0.006658213096325467,0.01336223836327962
51500,0.11133463254231675,0.10551284117797866,0.006627020613648104,0.012997980048523105
51600,0.12189458469513743,0.10437597075752499,0.007047052600409832,0.012536722920270651
51700,0.11734292973443582,0.10251005501198218,0.007122245763023901,0.012367336719568226
51800,0.10602977991249389,0.10690723741494822,0.006943245662858255,0.012617053575036773
51900,0.11750198314905182,0.09982909613437808,0.007051653522646115,0.012760885977141406
52000,0.11780477920654579,0.10674203704374871,0.007005049705769356,0.013103420564460188
52100,0.12072556655833162,0.10470998136949515,0.007132701014722759,0.012778780200889489
52200,0.11214994633730785,0.10701801195884214,0.007062218151298906,0.012737342203781267
52300,0.11967067567384271,0.10480815003180619,0.006891991185471466,0.012562089953575488
52400,0.11096897401151225,0.1097226131298486,0.00672743505485009,0.012540861267944832
52500,0.10760279402217968,0.10887989808843501,0.00676652883396345,0.012211364078280263
52600,0.11156397895708871,0.09411134066476848,0.006967065979763221,0.011818499666459382
52700,0.11532710815702897,0.10193072308114648,0.00719993805191604,0.011956531331470448
52800,0.11226803784267778,0.10371676479114333,0.007228453171244777,0.012076841090532834
52900,0.11303806415499384,0.09405738260078475,0.0072245107522104805,0.012228157010833289
53000,0.11472329322824291,0.09936450003177726,0.006768073411469102,0.012428502754505173
53100,0.11768760308579426,0.11032647239298725,0.0067240154743077995,0.012755766017167788
53200,0.11970895183420661,0.10607780468221902,0.007252143051177225,0.012657103099631367
53300,0.11378611233395479,0.10169584844851551,0.0069427799983749925,0.012501915188179093
53400,0.11407595454022426,0.10086184854806009,0.006808175306758372,0.012192258916719404
53500,0.12330988147674955,0.11310912134589798,0.0067529075562156515,0.011999513377185958
53600,0.11601032632427535,0.09757648750910418,0.006779518316643539,0.011877121926625874
53700,0.1101017381509454,0.10226420972944782,0.006656397805779688,0.011655106984800922
53800,0.10852796224530216,0.10706794858597249,0.006774481823222519,0.011569720344604186
53900,0.12477636090691425,0.09932351183614835,0.0069406537626389595,0.011643810373416146
54000,0.11213473315002509,0.10625164984371077,0.006337562592323843,0.011919026605904633
54100,0.12068312101162787,0.10037919026253594,0.006345821856933784,0.011830230921273145
54200,0.11331338697856695,0.10683047621608743,0.006210482238610094,0.011889318792509089
54300,0.11157274914914746,0.10350373410465989,0.006129527211851512,0.011811271551985122
54400,0.11342472555586228,0.10534991593568019,0.00623666064132784,0.011742943544394983
54500,0.11814451223236702,0.11242387772215627,0.006551368168878268,0.011581921479400533
54600,0.12172327219643438,0.10679586240664857,0.006624011691611733,0.011172841893162222
54700,0.1140234284695972,0.10235258140127669,0.006541777040481899,0.01060984686615754
54800,0.1198042771835122,0.09720561515156259,0.006459101673316675,0.010489118903599565
54900,0.10813875127209234,0.09849593994578772,0.006771237426673274,0.010641329685295292
55000,0.11408730891690878,0.11105317429439442,0.006944243849766511,0.01085053785489076
55100,0.11251508329948783,0.103815488636061,0.006706010779818912,0.010789748857357057
55200,0.11417088174735078,0.1008168121565654,0.0067828744802466735,0.010764439081723002
55300,0.11198766545603864,0.10856392962001456,0.006653045531117198,0.010795131793148541
55400,0.11885251252383851,0.10656414888885936,0.007045810315099517,0.010803860352335465
55500,0.11639956728876169,0.10019358866187904,0.0070451262896709405,0.01082579576351949
55600,0.11376757638656194,0.10194397386196598,0.007002378839328928,0.0111042172717683
55700,0.13481892692833977,0.09910962797715493,0.0077786670723764585,0.011034194487222135
55800,0.12693168948050657,0.09822705704170621,0.007575867019398624,0.011028701288575691
55900,0.1176407928148921,0.10444300066857423,0.007199944196568912,0.011212106279540977
56000,0.11750568123567137,0.10474662652105309,0.007019911048929943,0.011322909455235878
56100,0.11065001089943845,0.09564272561437143,0.006700682614359904,0.011416717551161512
56200,0.10808976557324385,0.10205069596640719,0.0064749984276673824,0.01158002922829132
56300,0.11713163903899432,0.10560404264232397,0.006391819325097749,0.011677557819009766
56400,0.11382589251497462,0.10370021547983369,0.006270902782198193,0.011732769009238178
56500,0.11076415178034073,0.09759725637554051,0.006513592882252947,0.011655172576312718
56600,0.11869412273094825,0.11163223109097899,0.006652198497470997,0.011886811497364948
56700,0.11752971569896274,0.11056875632060775,0.00686492384068171,0.011663346825086457
56800,0.12373623028137559,0.11147189616986777,0.006949853428984197,0.011913447179226625
56900,0.12732558270368993,0.11063863321027956,0.007020959133016688,0.01231078844218085
57000,0.11861901386775786,0.11063322479010833,0.006598022451843138,0.012345685010260574
57100,0.11310254916498355,0.10582759272843248,0.006806862544928854,0.012121169176642858
57200,0.11831595496500912,0.10436794714932818,0.007260502102181595,0.012308895839281011
57300,0.11677977574612466,0.10214851782258334,0.007177876546380183,0.012094082692521178
57400,0.11713906515791735,0.10894511270251873,0.007113297629340689,0.01216356083323045
57500,0.11821528197418936,0.10790855587882074,0.007621633089788526,0.012161302044760541
57600,0.12423173662974472,0.11102546567014383,0.007816900689017647,0.012549275724522446
57700,0.11960931895885314,0.11594512327891576,0.007991599463981463,0.013013352515717126
57800,0.12231512241331689,0.11964521650618616,0.007829599234260732,0.013193158773437555
57900,0.11027011220610565,0.1101863022024578,0.007710091860808979,0.013357131772038707
58000,0.11797371578437194,0.10924399674108431,0.008027129241437399,0.013555250627154607
58100,0.11551169486268206,0.10754921026487521,0.008447932794356421,0.013695259533500492
58200,0.11442684294368557,0.10917705944907312,0.008608692206278907,0.014094871446107863
58300,0.1153517620753257,0.11035228685642304,0.00849365916681927,0.014425969697734124
58400,0.12418941885363151,0.10538704495325728,0.008885341681326844,0.014405979392038587
58500,0.12582049426776415,0.10747649855045527,0.009187121817495317,0.014488790867919437
58600,0.12112924526424061,0.10953960994418342,0.009232128326281558,0.01463843818094482
58700,0.12163152059815399,0.11237256041151626,0.009401946789896335,0.014526247352501017
58800,0.1178155702701952,0.10528315668904935,0.00924599972413851,0.014269942557449237
58900,0.12473080344252029,0.11363801892432805,0.009847217252369946,0.014666756799935109
59000,0.11911340068880852,0.0997124650876876,0.009866817207641636,0.01438677110172714
59100,0.11697414597139767,0.10203966985699203,0.009703791536537073,0.014666658602554885
59200,0.11699746356905326,0.11940101015202548,0.010087561247115401,0.014970024443572717
59300,0.12407296828118426,0.12270486409643146,0.010207073885031998,0.015261698375925633
59400,0.1218040934694791,0.1012192866943136,0.009914465457797172,0.01472628839920791
59500,0.1231091964770331,0.11433712511537888,0.009856129693425158,0.01460246248158914
59600,0.11839339083937982,0.1056684530364064,0.009846902355180964,0.014267339136447104
59700,0.11733842590531278,0.09893353892772593,0.010034271428900093,0.013885793226443571
59800,0.11434378967864049,0.09616377083371863,0.009607880446441433,0.013595562331406425
59900,0.13039140104164387,0.10802953197833799,0.009561071810590486,0.01382038962215689
60000,0.12632829957295713,0.10719852456853185,0.009103806921035823,0.01351471812475173
60100,0.11419538427506296,0.10460738988225997,0.008688713729367322,0.013317908524045552
60200,0.10926393040599729,0.10162263519128824,0.008355583603597307,0.01328632362127906
60300,0.10846469591602292,0.10643035154935794,0.008242471036104407,0.013396714325668291
60400,0.11462719317915478,0.11011744544679673,0.00809093420296955,0.01348651140195091
60500,0.12218760227799277,0.11328145532818625,0.007992677491152627,0.013405164620921409
60600,0.11269740213743441,0.09682078566162937,0.007792623097000483,0.013190507192955616
60700,0.11847401065501385,0.101020156119197,0.007977181940988889,0.013294650310878009
60800,0.11369422079781069,0.10678543572804225,0.007904784395183792,0.01319747049462536
60900,0.10973550336174101,0.10530277495450575,0.007437581117052448,0.013008722333292325
61000,0.1099581501064122,0.10524405475067584,0.007743051020110026,0.013021099812441062
61100,0.11265527160349077,0.10185351411201654,0.0074292509225453735,0.01275322479980537
61200,0.10845360564846228,0.10932203241968705,0.0071703616113287585,0.012628264594367996
61300,0.11899093549361484,0.11235322638309836,0.0072310614661687716,0.012510876426150027
61400,0.11822774417051155,0.10066890628145507,0.007185619242248477,0.011839764297845614
61500,0.1132591293554682,0.10048674405772924,0.00740757722275156,0.011512966411625152
61600,0.11619539600169008,0.10270941288687098,0.0076652761359401085,0.011689202472571634
61700,0.1106002528660334,0.10127352775127885,0.007752150700544639,0.011342873947912467
61800,0.12240971997547542,0.10438708562284592,0.007809101973518146,0.011198405894502038
61900,0.11284431128670933,0.10495393564347438,0.007524828908641903,0.011049971658546926
62000,0.11089752056762946,0.09530456653679101,0.007303535747332228,0.010864925655736995
62100,0.11108281990592125,0.10246791626865515,0.007160241435761555,0.011011202394407763
62200,0.12210624834078887,0.10630025229530925,0.007101361303783609,0.01075690061117377
62300,0.11913683161185573,0.0994396163692673,0.007137578028224368,0.010772609661411312
62400,0.12156154305743391,0.10637707118721096,0.006890892054035824,0.010602924207689447
62500,0.10824891536255413,0.10286784790999431,0.006595957841116145,0.010215528236815935
62600,0.11316089010952261,0.09896472648311183,0.006865924994296364,0.009948521008130328
62700,0.11219814749441373,0.1056511724600038,0.006601150346329636,0.00989071525293127
62800,0.10839349215398264,0.09245444733509288,0.006565146436646641,0.00987369172890262
62900,0.11690297662120837,0.09846777872683411,0.0064527647551675645,0.010080879591927739
63000,0.11230624164018127,0.09970118442338144,0.006421153126639138,0.010228036366138988
63100,0.11615412570086388,0.09688097354618654,0.006960672202622593,0.010232110066173642
63200,0.11759351016221764,0.1009486086669898,0.006864831324036684,0.010218642528194545
63300,0.10869644073237426,0.0933014280247453,0.006411809677342654,0.010144270888202874
63400,0.10151801850957214,0.10109704134052507,0.006119760279472929,0.010141765746101643
63500,0.11343725964436273,0.10214886074031236,0.0060464293164076794,0.01001067191937314
63600,0.11779692265549155,0.10005773227812698,0.005866854489708847,0.01004279094783942
63700,0.11515170127489263,0.09913677891211692,0.005875283566650962,0.010092847880090865
63800,0.11319466233169864,0.10300152419761494,0.005991458374649153,0.0100469880299927
63900,0.11384960476078061,0.08907398854402274,0.006384276244770602,0.009810520382979821
64000,0.11662909744195346,0.09336452186221529,0.006434666105282604,0.010142900427218356
64100,0.10588937337346892,0.1023034859261112,0.006807570170662737,0.010655430380471112
64200,0.11037056341730368,0.09116306544975836,0.00723636654214324,0.010673137657584661
64300,0.11280214936556308,0.09902930314437593,0.007325572843245187,0.010620249111969956
64400,0.1209620340379739,0.10192228799832426,0.007370225674347413,0.010947437465078726
64500,0.116635490652368,0.09452516572719297,0.007175143183843016,0.010947090834895756
64600,0.11057978258223754,0.09786810416118005,0.007147469856473022,0.011070798786406358
64700,0.11434288642613219,0.0965902403431938,0.007165723580546463,0.011071121739448117
64800,0.12001471520584588,0.09117940377875504,0.00738559971551907,0.010832718258002225
64900,0.1248262993175478,0.10338528255535198,0.007744303991281967,0.010944183985166295
65000,0.11986869406502121,0.0902013382284352,0.007586832440938747,0.010815512476510141
65100,0.12043120086580007,0.1089813586531127,0.007446393458156356,0.011299619753469157
65200,0.11365013431851666,0.10447430132391192,0.007580751572986931,0.011124188311766802
65300,0.11648156499293566,0.09762532183341274,0.007800980012255368,0.01136094764277482
65400,0.12448119525802248,0.10409633261893485,0.007976248340664448,0.011426403103377742
65500,0.10210571124055999,0.10656515984872603,0.007593696996977533,0.011773780464432644
65600,0.12213483040813806,0.09731063105896716,0.007857899317267185,0.01200251622978702
65700,0.11270413376203366,0.11185002915744191,0.008239348625522228,0.012491745394504376
65800,0.12151720444286436,0.10452328922157839,0.008760904433540457,0.012458997977442906
65900,0.11636660537939877,0.1040461461111341,0.008651833045488413,0.01245255365972598
66000,0.12304236650843721,0.10204068126217249,0.00892540395499929,0.012572779125789921
66100,0.12266018942103224,0.10318961057407235,0.008974876729065289,0.012458124378799227
66200,0.13160456791848732,0.10784533730315034,0.009259390124111325,0.012579347104645665
66300,0.10932362665872741,0.10255932602255562,0.009091288580705268,0.01251970966499344
66400,0.1280770404128231,0.10118483518610631,0.009196476559777098,0.012597438004592745
66500,0.1273556136581913,0.10449067068600323,0.009124467999509212,0.0128337846462068
66600,0.11980869019891259,0.11031619984417274,0.009480533255139614,0.013090667234947532
66700,0.1249230368075885,0.09947179525192609,0.00995272491343764,0.012493045112406896
66800,0.1315272490952574,0.11044802353321972,0.00999460591708933,0.012722316008423678
66900,0.12210853465934032,0.10351084127912918,0.009723716594523531,0.012690703481648098
67000,0.12245882278825025,0.10573094824978269,0.00993034741316496,0.012543425590329296
67100,0.11815806383747132,0.10582252402058495,0.00985050364637562,0.012406663206811865
67200,0.11963320650112917,0.10572874277737368,0.009872173577910011,0.012013697397718294
67300,0.11837474242568884,0.09598234953222029,0.009669236911551441,0.011732186294304957
67400,0.13186182651039663,0.09840228006067435,0.009905489486575424,0.011797113998833321
67500,0.1175632243811349,0.09777285574817447,0.009471894632748576,0.011587085387339793
67600,0.11667596504349748,0.10521221626240812,0.00936200890977164,0.011420200419231728
67700,0.12764115075597585,0.098140418711549,0.009416061661673338,0.010778887079291198
67800,0.12014875155817621,0.09544037375060205,0.009226932528259709,0.010489685706811427
67900,0.11764111432324842,0.09968138665388689,0.008802327107288432,0.010337019650260825
68000,0.1175091688135642,0.09834822347823245,0.008470748525541773,0.010203931212935991
68100,0.13063406942096153,0.093566073058226,0.008494634804302837,0.01042020289112997
68200,0.11903984638849649,0.09678162541473108,0.008173038803170125,0.010459846838187563
68300,0.11510017680552559,0.10088044241460731,0.008009304660512487,0.010481197082340979
68400,0.11749638239287076,0.09590146189444416,0.007747962361335536,0.010392347070775451
68500,0.11543584074103046,0.10076998097606422,0.0070789289597953265,0.01050901115904453
68600,0.11603063492994714,0.10446952517073813,0.006671648172496298,0.010852518652705846
68700,0.11631402322502879,0.08901766294354435,0.006555665974584417,0.010949768768957065
68800,0.11273035665618145,0.09928449870870062,0.006793702033919944,0.010917432571989332
68900,0.10655601313498574,0.1048074057499474,0.006911082473892356,0.011326811159886107
69000,0.11374364939334126,0.10278982775978833,0.006794903876544693,0.011276432649706729
69100,0.1043099240204376,0.09864719254187264,0.006438866365806825,0.011288701792769144
69200,0.11037023453858423,0.10406104036329938,0.006331415756120279,0.011214754539742916
69300,0.11330844721773728,0.1029699088233585,0.006636412837092188,0.01107956535690206
69400,0.11359739298749144,0.10729961953644697,0.006607818157440658,0.011009321333249252
69500,0.11289702235714914,0.09138490933753214,0.006717439694365185,0.010921708660482655
69600,0.11122991136254154,0.10556000927494653,0.006710419704911963,0.011193654318922174
69700,0.11045051453426152,0.09907368515720827,0.006940619331928424,0.010895459302125564
69800,0.11285424029233866,0.09895764180082738,0.007283559777058158,0.011240660179477719
69900,0.11480283833327214,0.0982584423151227,0.007357394213218037,0.011431963905764017
70000,0.10909381195614218,0.0988802759038084,0.007494345571531276,0.011552966632290985
