seed,nematic,polar,nematic_2,polar_2,fraction_elongated,nematic_m2,polar_m2,nematic_2_m2,polar_2_m2,fraction_elongated_m2,nematic_m4,polar_m4,nematic_2_m4,polar_2_m4,fraction_elongated_m4
1099062448631258,0.9332075523068375,0.7752212020214679,0.9331336474363893,0.7751588793849522,0.9999199999999999,0.8708887717529785,0.6009722786490985,0.870752496602573,0.600875370079093,0.99984032,0.7584904972476045,0.3611781738335885,0.7582588241323873,0.3610610172581011,0.9996819148851199
853827592514924,0.9521594261559047,0.6562917286490463,0.9521594261559047,0.6562917286490463,1.0,0.906753425623988,0.43072489298074884,0.906753425623988,0.43072489298074884,1.0,0.8227306979997653,0.1855343858118639,0.8227306979997653,0.1855343858118639,1.0
1052030010736714,0.96124231090302,0.7068080452515132,0.96124231090302,0.7068080452515132,1.0,0.9241393908779917,0.4995865108125116,0.9241393908779917,0.4995865108125116,1.0,0.8545892996916156,0.24960435542480985,0.8545892996916156,0.24960435542480985,1.0
993068073743470,0.918545727758391,0.7684027349109646,0.918545727758391,0.7684027349109646,1.0,0.8437354426089363,0.5904433828861885,0.8437354426089363,0.5904433828861885,1.0,0.7119204786365053,0.3486248522899061,0.7119204786365053,0.3486248522899061,1.0
375074238073900,0.8817757679899403,0.7374461652833613,0.8817055162280929,0.7373863667102681,0.9999199999999999,0.7776449980843958,0.5439286033208803,0.7775218620988315,0.5438393853807484,0.99984032,0.6050962247035503,0.29607893589016504,0.6049070721189197,0.29597963647687897,0.9996819148851199
416178520884477,0.9527669595041616,0.8551017870452904,0.952690918986888,0.8550335164402738,0.99992,0.9077761986472774,0.7311998439587589,0.907631789185149,0.731083438579114,0.99984016,0.8240988340701375,0.5346554867483183,0.8238384182577648,0.5344862782210608,0.99968095872064
874051135843279,0.9292526136458809,0.8912705879094163,0.9291413443769764,0.8911634579096761,0.99988,0.8635338221892206,0.7943779305220857,0.8633276780904074,0.7941868406460628,0.99976024,0.7457710522723734,0.6310826878303827,0.745417257618488,0.6307786938659108,0.99952143808096
12944511869278,0.9550176791517795,0.28693696283805753,0.9550176791517795,0.28693696283805753,1.0,0.9120597293623297,0.08233297140723667,0.9120597293623297,0.08233297140723667,1.0,0.8318564602131119,0.006778767868104614,0.8318564602131119,0.006778767868104614,1.0
542029227742456,0.8547439732821956,0.9107502384151838,0.8547091865714407,0.9107140510933729,0.9999600000000001,0.7308674678124363,0.8296204751405546,0.7308070225559413,0.8295550645036757,0.99992008,0.5349780688147895,0.6887891176210894,0.5348868193382647,0.6886822606923814,0.99984047936032
1011744331896734,0.9353711456450207,0.8681602592090907,0.9353711456450207,0.8681602592090907,1.0,0.8749200395970362,0.7537022882238048,0.8749200395970362,0.7537022882238048,1.0,0.7654880840664451,0.5680672977180685,0.7654880840664451,0.5680672977180685,1.0
211701226972609,0.9742640695400061,0.3559398773688237,0.9742640695400061,0.3559398773688237,1.0,0.9491958664706627,0.12669373151848767,0.9491958664706627,0.12669373151848767,1.0,0.9009932452606799,0.016051572689440286,0.9009932452606799,0.016051572689440286,1.0
292918525777755,0.9067399333449899,0.872443672532476,0.9067399333449899,0.872443672532476,1.0,0.8221939999319234,0.7611604159363481,0.8221939999319234,0.7611604159363481,1.0,0.6760576722841918,0.5793726511494726,0.6760576722841918,0.5793726511494726,1.0
731147908347497,0.9231835057908527,0.8534058896899951,0.9231835057908527,0.8534058896899951,1.0,0.8522709118489636,0.7283018628296722,0.8522709118489636,0.7283018628296722,1.0,0.7263763742673985,0.5304243327070689,0.7263763742673985,0.5304243327070689,1.0
985549376192247,0.9471339557316639,0.37499341265894265,0.9471339557316639,0.37499341265894265,1.0,0.8970681759136813,0.14062080421067183,0.8970681759136813,0.14062080421067183,1.0,0.8047508356146567,0.019774629397856524,0.8047508356146567,0.019774629397856524,1.0
873456432950595,0.8855793700643386,0.8563746663768241,0.8855793700643386,0.8563746663768241,1.0,0.7842535788092007,0.7333781447391806,0.7842535788092007,0.7333781447391806,1.0,0.6150623241418792,0.5378451931433166,0.6150623241418792,0.5378451931433166,1.0
422219896800918,0.9207780982406396,0.9160443840556708,0.9207780982406396,0.9160443840556708,1.0,0.847907521591205,0.8391392131503062,0.847907521591205,0.8391392131503062,1.0,0.7192025539935833,0.7041609987231822,0.7192025539935833,0.7041609987231822,1.0
900740014674953,0.8832341578772084,0.8507216750629506,0.8832341578772084,0.8507216750629506,1.0,0.7801957654149136,0.7237407799390647,0.7801957654149136,0.7237407799390647,1.0,0.6089964536909306,0.5238395323187646,0.6089964536909306,0.5238395323187646,1.0
1020578668480920,0.9578094492059734,0.9777370265627361,0.9578094492059734,0.9777370265627361,1.0,0.9174159955280139,0.955970743263444,0.9174159955280139,0.955970743263444,1.0,0.8417144729318512,0.9138840743611334,0.8417144729318512,0.9138840743611334,1.0
343569160877337,0.9345829252956116,0.741665418336912,0.9345829252956116,0.741665418336912,1.0,0.8734623953221942,0.5500699497540539,0.8734623953221942,0.5500699497540539,1.0,0.7629963915937779,0.3025821342657732,0.7629963915937779,0.3025821342657732,1.0
78804909138230,0.9044469849400758,0.8622140498375847,0.9040564064777894,0.8618253787443675,0.99956,0.818462840076308,0.7434626665835684,0.817771463557239,0.7427780657801472,0.99912264,0.6713387625326689,0.5528864843139993,0.6702553855506578,0.5518244849110999,0.9982557716380802
333614425743970,0.9638358146605411,0.7458561894876462,0.9638358146605411,0.7458561894876462,1.0,0.928984610178195,0.5563015890604514,0.928984610178195,0.5563015890604514,1.0,0.8630314644037896,0.3094717554019293,0.8630314644037896,0.3094717554019293,1.0
974443487743328,0.9736432004836882,0.11370868170588956,0.9736432004836882,0.11370868170588956,1.0,0.9479825394862155,0.012929782902832703,0.9479825394862155,0.012929782902832703,1.0,0.89867641916806,0.00016718541702157993,0.89867641916806,0.00016718541702157993,1.0
703985244396274,0.9063805962252784,0.5053937569317029,0.9063805962252784,0.5053937569317029,1.0,0.8215282105426767,0.25542334930187843,0.8215282105426767,0.25542334930187843,1.0,0.6749165658148817,0.06524159786339596,0.6749165658148817,0.06524159786339596,1.0
1122578106359740,0.943579448359299,0.4625436977877402,0.9275422014436201,0.4546370107641012,0.9829999999999994,0.8904860647702564,0.21397652162071182,0.8605474636988518,0.20670060660119968,0.9663650399999998,0.7934779240888511,0.04581114390546749,0.7412738685166173,0.04272992091749805,0.9341572645679996
492938554100859,0.8871379932572636,0.6611335112717022,0.8871379932572636,0.6611335112717022,1.0,0.7870602493324159,0.4370991814137514,0.7870602493324159,0.4370991814137514,1.0,0.6196097132520694,0.19105859973149195,0.6196097132520694,0.19105859973149195,1.0
170902461924754,0.9538518691232782,0.1470762575225082,0.9538518691232782,0.1470762575225082,1.0,0.9098752067878868,0.02163748986913096,0.9098752067878868,0.02163748986913096,1.0,0.8280246807095054,0.00046870470412468474,0.8280246807095054,0.00046870470412468474,1.0
260045648084392,0.892700562871315,0.9015078954038561,0.892700562871315,0.9015078954038561,1.0,0.7969600891584085,0.8127192528842851,0.7969600891584085,0.8127192528842851,1.0,0.6352914405878887,0.6605215829503702,0.6352914405878887,0.6605215829503702,1.0
450419983107763,0.9816810844579019,0.2677287592030731,0.9816810844579019,0.2677287592030731,1.0,0.963698119947725,0.07167876716252329,0.963698119947725,0.07167876716252329,1.0,0.9287154863135523,0.005137868220188535,0.9287154863135523,0.005137868220188535,1.0
543308666121182,0.95174011230403,0.9044131077707225,0.95174011230403,0.9044131077707225,1.0,0.9058196758377242,0.8179635613576761,0.9058196758377242,0.8179635613576761,1.0,0.8205470523802147,0.6690659962867419,0.8205470523802147,0.6690659962867419,1.0
593849570694833,0.9138460027762482,0.40161649825651197,0.9138460027762482,0.40161649825651197,1.0,0.8351160637544516,0.1612963911322297,0.8351160637544516,0.1612963911322297,1.0,0.697424007247346,0.026016900054756483,0.697424007247346,0.026016900054756483,1.0
582382717235568,0.9413182684555648,0.22682378838000655,0.9413182684555648,0.22682378838000655,1.0,0.8860812307201631,0.05144917296199294,0.8860812307201631,0.05144917296199294,1.0,0.7851440160499616,0.002647046622664674,0.7851440160499616,0.002647046622664674,1.0
1123570616129223,0.940526342451605,0.625809618025868,0.9238619288597385,0.6147210187327539,0.9822799999999995,0.8845997612178224,0.39163846209124953,0.853535091762026,0.37788424256474057,0.9648755999999996,0.7825520210588053,0.1533819156125295,0.7285709824363237,0.14280002484247506,0.9309911454364798
680622798933824,0.9355768427519073,0.8444167753233215,0.9337056890664032,0.8427279417726747,0.9979999999999994,0.8753082268458319,0.7130398632247412,0.871810495171356,0.7101905559312951,0.9960039999999993,0.766179161425862,0.5084263394350217,0.7600680919288547,0.50437111469018,0.9920239680159996
201764007966294,0.9324109916370423,0.45224737534572235,0.9324109916370423,0.45224737534572235,1.0,0.8693935005641089,0.20452813477500037,0.8693935005641089,0.20452813477500037,1.0,0.7558563283779566,0.041832123030093794,0.7558563283779566,0.041832123030093794,1.0
453356923466257,0.916576660332475,0.8733122722103164,0.916576660332475,0.8733122722103164,1.0,0.8401647456950012,0.7626926071121412,0.8401647456950012,0.7626926071121412,1.0,0.7060511329772338,0.5817560745590435,0.7060511329772338,0.5817560745590435,1.0
346214149398000,0.9856585222303385,0.23678386133541524,0.9856585222303385,0.23678386133541524,1.0,0.9715242118849372,0.0560666494823607,0.9715242118849372,0.0560666494823607,1.0,0.9438650802578666,0.0031434809534581537,0.9438650802578666,0.0031434809534581537,1.0
353918643079908,0.9754514330392429,0.17531508191830805,0.9753350494304357,0.1752945272701626,0.99988,0.9515420280817668,0.030848783059885983,0.9513166464522663,0.030841750537709912,0.9997604,0.9055703527779726,0.000965737851733586,0.9051477082002083,0.0009653257780614918,0.9995223942454399
971536625474344,0.9512812485536125,0.7688808495616692,0.9512812485536125,0.7688808495616692,1.0,0.9049615693058221,0.5911807927803964,0.9049615693058221,0.5911807927803964,1.0,0.8190473130715195,0.3495018700730277,0.8190473130715195,0.3495018700730277,1.0
799035771825238,0.9513418301994736,0.5297759643275151,0.9513418301994736,0.5297759643275151,1.0,0.9051307304948242,0.28066383722707605,0.9051307304948242,0.28066383722707605,1.0,0.8195516412161062,0.0787736106376754,0.8195516412161062,0.0787736106376754,1.0
1114806189928891,0.9562746060689604,0.4672781900129973,0.9562746060689604,0.4672781900129973,1.0,0.9144804910774476,0.21835096030365977,0.9144804910774476,0.21835096030365977,1.0,0.8363453729116205,0.04767894095166613,0.8363453729116205,0.04767894095166613,1.0
216465895742590,0.967101463151226,0.9720159017654392,0.967101463151226,0.9720159017654392,1.0,0.9352957924661841,0.9448154163952236,0.9352957924661841,0.9448154163952236,1.0,0.874817633498028,0.892678072172707,0.874817633498028,0.892678072172707,1.0
926435018171726,0.9362141247861779,0.632148940148158,0.9362141247861779,0.632148940148158,1.0,0.876540698976033,0.3996136451848594,0.876540698976033,0.3996136451848594,1.0,0.7684762723247971,0.15969324072921648,0.7684762723247971,0.15969324072921648,1.0
744517311885370,0.9206859282786983,0.5026081336000374,0.9195218912649598,0.5019638690845807,0.99872,0.8477059402939677,0.25261789273685964,0.8455971422445688,0.25197191781737216,0.99745024,0.7187514072700936,0.06381879898878746,0.715290272885679,0.06349406910600346,0.9949410786265601
812580382463326,0.9349031828204656,0.3861815833220137,0.9349031828204656,0.3861815833220137,1.0,0.8740542966777939,0.1491424403779395,0.8740542966777939,0.1491424403779395,1.0,0.7640069824704685,0.02224719772893667,0.7640069824704685,0.02224719772893667,1.0
521742092743191,0.9289272983009483,0.7248985701380316,0.9270694437043465,0.7234487729977558,0.9979999999999994,0.8629153793069138,0.5254781612056251,0.8594671694512036,0.5233783504734473,0.9960039999999993,0.7446555428279409,0.2761277692156982,0.7387161464012822,0.2739253652967632,0.9920239680159996
1008612444973162,0.9527925365449837,0.9205134976513178,0.9527925365449837,0.9205134976513178,1.0,0.9078304918953747,0.8473714469867579,0.9078304918953747,0.8473714469867579,1.0,0.8242175051366685,0.7181280468342303,0.8242175051366685,0.7181280468342303,1.0
121838283310165,0.8945704921743122,0.9106120088560785,0.8945704921743122,0.9106120088560785,1.0,0.80026124483877,0.829214633022961,0.80026124483877,0.829214633022961,1.0,0.6404336533677198,0.6875982423256675,0.6404336533677198,0.6875982423256675,1.0
431006493426170,0.9553574086075334,0.6284362314390878,0.9553574086075334,0.6284362314390878,1.0,0.9127118583012397,0.39493247784256796,0.9127118583012397,0.39493247784256796,1.0,0.8330578387783791,0.15597226367948122,0.8330578387783791,0.15597226367948122,1.0
765322069857382,0.9228813123609777,0.856739372148549,0.9228813123609777,0.856739372148549,1.0,0.8517224083928814,0.734002712568184,0.8517224083928814,0.734002712568184,1.0,0.7254735572914218,0.5387610417993098,0.7254735572914218,0.5387610417993098,1.0
725201757884584,0.8719164173161263,0.8544394931316596,0.8718818262375546,0.854404981086115,0.99996,0.7603223848694806,0.7300896678264707,0.760262617560779,0.7300301733161509,0.99992008,0.5783472975792264,0.5330977120234097,0.5782580835133778,0.5330093105057953,0.99984047936032
184656659025018,0.9503998556218547,0.34693365207918325,0.9503998556218547,0.34693365207918325,1.0,0.9032840627471402,0.12036513848594264,0.9032840627471402,0.12036513848594264,1.0,0.8160086487063692,0.014488816019574715,0.8160086487063692,0.014488816019574715,1.0
1034686135547599,0.9455227722512387,0.22551045977445522,0.9455227722512387,0.22551045977445522,1.0,0.8940143382359165,0.05085555366082702,0.8940143382359165,0.05085555366082702,1.0,0.7992653039519121,0.002586406570890815,0.7992653039519121,0.002586406570890815,1.0
380972098894405,0.8948910264516428,0.8311260391036912,0.8948910264516428,0.8311260391036912,1.0,0.8008651932478753,0.6907711172533598,0.8008651932478753,0.6907711172533598,1.0,0.6414981147737231,0.4771664620539453,0.6414981147737231,0.4771664620539453,1.0
742183958399040,0.9419085947485533,0.8981320503919201,0.9419085947485533,0.8981320503919201,1.0,0.8871931079572954,0.8066412417661627,0.8871931079572954,0.8066412417661627,1.0,0.787116247185744,0.650670292438892,0.787116247185744,0.650670292438892,1.0
37852570490343,0.975285969048076,0.23268025867311942,0.9265216705956726,0.22104624573946338,0.9500000000000006,0.9511829650648722,0.05414012114500534,0.858442625971047,0.048861459333367344,0.902500000000001,0.9047499598551296,0.002931156696244269,0.7369244969892523,0.0023874454488203097,0.8145062500000003
734109262104827,0.9432394350391575,0.5784999349199308,0.9432394350391575,0.5784999349199308,1.0,0.8897109028474454,0.33466253535119445,0.8897109028474454,0.33466253535119445,1.0,0.7916221901497971,0.11199949524107881,0.7916221901497971,0.11199949524107881,1.0
401686787590537,0.9468929524445625,0.5834516615924032,0.9468929524445625,0.5834516615924032,1.0,0.8966069764253103,0.340415866487399,0.8966069764253103,0.340415866487399,1.0,0.8039066276876234,0.11588299629642851,0.8039066276876234,0.11588299629642851,1.0
350020380685320,0.9602030246458628,0.0401099441672184,0.9602030246458628,0.0401099441672184,1.0,0.9220020571590883,0.0017136297711557195,0.9220020571590883,0.0017136297711557195,1.0,0.8501327874731676,3.565026187204773e-06,0.8501327874731676,3.565026187204773e-06,1.0
484612500106051,0.9082757531937145,0.945093663795142,0.9082757531937145,0.945093663795142,1.0,0.8252120039636318,0.8932150735509085,0.8252120039636318,0.8932150735509085,1.0,0.6817789325509124,0.7978796396865431,0.6817789325509124,0.7978796396865431,1.0
604884003999171,0.9499250064573351,0.4265584789576859,0.9499250064573351,0.4265584789576859,1.0,0.902366609703392,0.1819541142782283,0.902366609703392,0.1819541142782283,1.0,0.8142983739334452,0.033108740147987016,0.8142983739334452,0.033108740147987016,1.0
501697692195937,0.9623998928906584,0.7844917516937823,0.9623998928906584,0.7844917516937823,1.0,0.9262171839836442,0.6154278043125231,0.9262171839836442,0.6154278043125231,1.0,0.8578917209374812,0.37875260291774393,0.8578917209374812,0.37875260291774393,1.0
851083349436041,0.9069867671602766,0.9319954104411495,0.9069867671602766,0.9319954104411495,1.0,0.8226277818450349,0.8686210614951914,0.8226277818450349,0.8686210614951914,1.0,0.676725633112536,0.7545219558538048,0.676725633112536,0.7545219558538048,1.0
796940938751527,0.9226727893893606,0.7182029598951,0.9226727893893606,0.7182029598951,1.0,0.8514299151018837,0.5158196623844641,0.8514299151018837,0.5158196623844641,1.0,0.7252882561439904,0.2660785148199835,0.7252882561439904,0.2660785148199835,1.0
7713914261614,0.89895777434992,0.7745573084227346,0.89895777434992,0.7745573084227346,1.0,0.808187007460935,0.5999484034061209,0.808187007460935,0.5999484034061209,1.0,0.6533654425107984,0.3599606171038133,0.6533654425107984,0.3599606171038133,1.0
