step,N_round,MAX_round,2_MAX_round,N_elongated,MAX_elongated,2_MAX_elongated,N_round_2,MAX_round_2,2_MAX_round_2,N_elongated_2,MAX_elongated_2,2_MAX_elongated_2
100,2933.734375,3.171875,2.65625,0.0,0.0,0.0,612.203125,218.515625,155.9375,0.0,0.0,0.0
200,53.6875,2.453125,1.984375,1552.859375,24.21875,20.15625,51.828125,2.765625,2.1875,440.859375,123.71875,90.3125
300,73.859375,3.640625,2.609375,1345.53125,40.765625,33.53125,69.3125,4.171875,3.078125,354.921875,220.40625,153.84375
400,84.109375,4.5,3.46875,1232.765625,55.953125,47.234375,78.03125,5.34375,3.984375,307.484375,309.71875,206.21875
500,90.515625,5.40625,3.984375,1177.46875,73.015625,59.0,82.8125,6.515625,4.484375,290.734375,342.390625,233.375
600,95.921875,7.09375,5.03125,1138.421875,87.765625,66.109375,86.875,8.3125,5.921875,282.5,394.5625,261.1875
700,98.296875,8.65625,5.859375,1105.78125,101.109375,77.078125,87.34375,10.140625,6.515625,275.578125,434.421875,274.765625
800,99.390625,10.375,7.078125,1095.421875,115.953125,87.234375,87.421875,12.375,8.421875,274.453125,461.234375,295.65625
900,99.09375,12.9375,8.140625,1075.421875,127.375,91.984375,86.25,14.734375,9.359375,266.484375,490.28125,344.875
1000,98.71875,13.390625,8.578125,1054.421875,137.78125,103.84375,86.1875,15.3125,10.046875,265.796875,565.09375,350.421875
1100,98.875,14.03125,9.421875,1043.609375,144.828125,109.0625,85.359375,16.25,10.921875,260.75,614.46875,375.765625
1200,96.453125,16.640625,10.9375,1028.65625,169.03125,115.15625,83.046875,18.515625,12.6875,261.15625,692.1875,375.78125
1300,96.734375,18.890625,11.953125,1011.515625,192.828125,130.8125,83.09375,22.0625,13.453125,260.96875,711.609375,380.578125
1400,95.609375,21.203125,13.34375,1001.625,203.203125,138.953125,81.59375,24.203125,14.921875,260.90625,723.078125,371.625
1500,94.28125,22.421875,13.609375,992.9375,198.296875,141.484375,80.640625,25.109375,15.890625,255.703125,766.109375,384.828125
1600,90.921875,23.625,14.203125,993.59375,209.46875,148.6875,77.34375,27.75,16.109375,257.390625,776.171875,389.921875
1700,91.25,24.671875,15.234375,980.25,231.203125,158.46875,77.234375,28.984375,16.125,252.734375,792.5,408.21875
1800,89.796875,25.125,15.640625,969.625,243.59375,170.359375,74.609375,29.40625,17.65625,254.578125,868.0625,406.8125
1900,91.125,26.6875,15.765625,956.46875,237.75,172.28125,77.15625,29.28125,17.109375,252.125,965.96875,388.59375
2000,90.828125,27.546875,16.6875,950.296875,259.75,171.921875,76.4375,31.609375,19.171875,252.171875,891.515625,397.09375
2100,86.609375,28.984375,17.53125,942.875,263.234375,179.953125,73.375,32.875,20.015625,251.34375,869.734375,419.796875
2200,87.828125,28.125,18.578125,939.5,292.46875,193.0625,73.484375,32.71875,20.984375,251.5625,1008.234375,381.921875
2300,86.828125,28.71875,18.296875,935.234375,309.734375,193.703125,72.515625,32.140625,20.03125,247.9375,1028.515625,414.09375
2400,85.015625,31.5625,18.390625,932.859375,323.28125,195.109375,70.109375,35.921875,20.171875,246.78125,994.171875,416.46875
2500,85.046875,31.578125,18.15625,929.84375,313.265625,197.609375,70.125,34.75,20.8125,248.234375,1028.6875,389.03125
2600,81.09375,33.546875,19.546875,922.671875,332.953125,193.40625,67.0,36.671875,21.765625,250.609375,1037.40625,385.125
2700,79.203125,37.0,20.4375,920.5625,352.25,205.140625,65.90625,43.234375,21.515625,249.6875,1022.28125,418.84375
2800,78.6875,41.0,20.03125,910.28125,359.796875,212.84375,65.296875,46.84375,21.625,247.875,1058.5,434.609375
2900,78.96875,38.78125,20.21875,904.8125,372.625,224.65625,65.875,43.296875,21.625,247.0625,1118.046875,391.796875
3000,76.84375,36.203125,21.4375,907.796875,372.8125,228.90625,64.21875,39.140625,23.578125,244.78125,1044.265625,415.671875
3100,75.640625,38.046875,20.640625,910.234375,358.390625,233.234375,63.125,40.609375,22.90625,243.78125,1130.015625,399.34375
3200,76.78125,36.6875,21.703125,899.375,377.375,241.15625,63.859375,42.03125,23.609375,242.765625,1157.0,398.765625
3300,74.46875,37.265625,23.078125,900.234375,417.40625,240.875,61.4375,40.6875,25.03125,242.21875,1130.890625,435.015625
3400,75.125,38.640625,23.171875,892.109375,427.75,250.21875,62.5625,43.5,24.203125,240.171875,1248.953125,401.890625
3500,77.15625,43.0625,23.75,887.796875,451.8125,248.546875,63.875,48.203125,26.0,239.71875,1185.375,405.640625
3600,76.59375,39.9375,25.359375,879.546875,462.703125,260.40625,63.390625,44.1875,26.578125,239.234375,1221.234375,403.65625
3700,75.0,43.296875,23.078125,875.875,481.5,271.265625,62.203125,47.5,25.28125,241.1875,1160.1875,455.59375
3800,74.140625,41.6875,24.625,875.40625,475.46875,261.96875,62.109375,47.875,26.40625,237.125,1226.84375,404.015625
3900,74.8125,45.234375,23.625,873.4375,463.296875,272.640625,62.359375,50.09375,26.5,239.4375,1211.453125,390.21875
4000,71.859375,48.5,24.890625,867.21875,489.3125,273.59375,59.59375,53.359375,26.203125,241.0625,1257.546875,388.09375
4100,72.421875,50.46875,24.71875,859.765625,473.078125,272.171875,59.8125,55.328125,26.875,238.140625,1211.609375,429.328125
4200,71.25,50.4375,24.4375,867.65625,518.9375,264.578125,58.703125,55.109375,27.515625,239.734375,1245.90625,401.671875
4300,70.09375,51.359375,27.34375,860.171875,519.53125,281.359375,57.75,55.828125,30.25,241.328125,1269.84375,424.40625
4400,70.390625,50.9375,27.65625,849.734375,544.609375,270.046875,58.25,54.375,29.96875,237.765625,1306.921875,399.09375
4500,68.9375,44.375,26.953125,851.46875,539.890625,283.421875,57.234375,51.21875,28.46875,237.15625,1314.09375,375.328125
4600,69.03125,45.21875,25.953125,856.03125,576.125,270.703125,56.859375,47.40625,28.78125,235.125,1352.59375,373.078125
4700,67.296875,44.234375,25.671875,853.5,581.375,277.40625,55.140625,47.09375,28.421875,237.140625,1363.0625,386.34375
4800,67.25,44.171875,24.671875,852.8125,586.890625,280.96875,55.671875,46.90625,27.703125,237.265625,1336.71875,380.40625
4900,65.75,43.78125,26.53125,852.03125,597.265625,261.484375,53.65625,50.609375,28.171875,235.3125,1326.65625,406.265625
5000,64.796875,48.359375,25.328125,846.578125,636.578125,257.984375,53.375,53.0625,27.125,237.015625,1340.640625,380.6875
5100,65.21875,50.53125,26.015625,833.9375,630.75,278.34375,53.921875,52.671875,28.375,232.703125,1445.609375,339.625
5200,66.265625,51.875,26.828125,839.1875,609.921875,291.390625,55.0,55.015625,28.859375,233.34375,1524.53125,324.015625
5300,64.734375,51.203125,25.078125,835.046875,643.015625,312.984375,53.625,55.09375,27.671875,232.296875,1541.453125,321.234375
5400,63.671875,49.859375,26.78125,828.78125,619.421875,321.34375,52.640625,54.84375,28.40625,236.25,1419.640625,371.421875
5500,62.671875,49.0,26.15625,823.421875,636.546875,303.640625,51.625,53.265625,28.46875,231.578125,1487.546875,344.75
5600,62.359375,51.71875,26.5625,834.546875,651.703125,294.15625,51.84375,54.65625,29.265625,235.703125,1397.234375,365.9375
5700,60.46875,54.171875,29.046875,835.40625,647.828125,274.375,50.28125,61.171875,29.171875,233.84375,1376.890625,378.71875
5800,60.375,57.75,26.484375,830.359375,656.515625,289.359375,50.390625,63.453125,28.34375,230.921875,1417.921875,386.34375
5900,61.6875,57.71875,27.125,827.140625,660.78125,298.453125,50.515625,64.1875,28.515625,230.65625,1372.421875,390.390625
6000,61.734375,55.40625,28.71875,828.203125,674.171875,306.59375,51.296875,61.65625,29.765625,228.59375,1461.484375,375.359375
6100,61.46875,56.546875,27.359375,826.59375,673.984375,322.671875,51.3125,59.5,30.125,231.234375,1414.828125,390.53125
6200,61.34375,56.546875,30.671875,821.703125,683.71875,331.46875,50.59375,61.390625,32.078125,231.15625,1465.875,374.359375
6300,60.9375,57.03125,30.9375,812.421875,720.921875,328.578125,49.984375,61.734375,32.5,232.578125,1338.875,421.640625
6400,61.078125,56.75,31.953125,811.5,696.90625,323.453125,50.15625,60.90625,32.875,230.0625,1412.765625,394.453125
6500,61.0625,58.109375,30.234375,812.765625,681.84375,312.546875,49.875,62.65625,32.921875,231.09375,1374.84375,447.703125
6600,62.3125,56.234375,31.40625,808.609375,738.375,322.6875,50.53125,61.421875,32.375,233.640625,1471.59375,388.6875
6700,59.703125,59.875,30.125,811.390625,725.75,326.109375,48.8125,64.828125,30.359375,232.84375,1485.09375,356.734375
6800,58.15625,57.125,33.609375,813.40625,715.09375,321.046875,47.84375,63.125,33.984375,230.59375,1506.078125,376.75
6900,58.0,59.984375,32.078125,818.109375,726.015625,331.84375,47.96875,62.25,34.59375,233.953125,1470.203125,386.9375
7000,57.3125,58.828125,31.234375,812.046875,755.046875,318.171875,47.234375,62.125,33.984375,233.625,1488.921875,370.171875
7100,57.40625,55.875,30.921875,809.828125,750.0,328.578125,47.65625,59.359375,33.109375,231.453125,1511.0,380.3125
7200,59.890625,52.8125,29.625,810.9375,758.5625,326.09375,49.515625,55.296875,32.03125,233.6875,1512.0625,375.875
7300,59.046875,54.6875,28.453125,813.0,754.46875,342.78125,48.5,58.109375,30.390625,231.75,1543.140625,344.8125
7400,57.515625,54.59375,28.828125,818.4375,759.625,306.53125,47.578125,57.25,31.25,233.28125,1537.796875,357.15625
7500,56.953125,51.65625,26.71875,820.03125,748.59375,313.125,46.84375,56.40625,29.5625,234.453125,1544.53125,354.125
7600,57.234375,49.71875,27.28125,822.765625,718.859375,314.140625,47.4375,52.203125,28.1875,235.234375,1566.03125,337.109375
7700,57.3125,51.09375,28.1875,814.6875,752.140625,331.015625,47.140625,55.671875,30.53125,231.953125,1484.390625,373.234375
7800,55.453125,52.734375,27.3125,811.875,729.125,334.484375,45.953125,56.015625,29.296875,230.546875,1460.671875,414.484375
7900,57.59375,49.421875,26.609375,806.765625,784.65625,317.65625,48.125,52.171875,28.5,228.984375,1524.25,393.546875
8000,56.890625,47.25,26.5,799.78125,799.125,315.28125,47.234375,48.9375,28.015625,225.765625,1570.84375,374.453125
8100,57.046875,51.21875,23.328125,798.453125,848.703125,321.8125,47.40625,53.78125,25.40625,223.96875,1536.34375,367.359375
8200,57.328125,51.28125,23.59375,797.390625,885.078125,288.28125,47.359375,53.5625,25.8125,225.609375,1617.546875,337.375
8300,57.328125,47.6875,23.328125,795.1875,854.984375,308.140625,46.78125,50.859375,26.578125,224.453125,1652.546875,332.140625
8400,56.59375,47.203125,25.578125,792.8125,839.625,289.71875,46.703125,51.5,26.921875,223.875,1618.375,315.84375
8500,57.40625,46.75,25.25,791.671875,867.65625,289.359375,47.921875,48.359375,26.40625,228.34375,1656.6875,297.71875
8600,55.890625,43.265625,27.03125,797.6875,892.640625,287.390625,46.5,46.921875,28.46875,229.1875,1679.609375,299.546875
8700,55.71875,44.390625,26.09375,795.53125,888.578125,299.3125,45.84375,47.140625,28.5,226.40625,1563.09375,365.1875
8800,54.4375,44.8125,26.203125,796.984375,898.75,284.9375,45.28125,46.71875,27.25,228.234375,1629.515625,325.609375
8900,55.71875,44.0625,25.234375,796.390625,874.921875,281.5625,46.421875,46.296875,27.71875,225.515625,1615.984375,342.359375
9000,55.3125,44.46875,25.953125,784.0625,921.6875,272.25,46.234375,47.953125,27.203125,222.765625,1623.96875,317.9375
9100,54.796875,46.515625,25.671875,782.328125,930.3125,274.515625,45.453125,49.671875,27.59375,220.328125,1673.890625,290.28125
9200,55.703125,46.734375,26.015625,776.53125,853.328125,333.796875,45.6875,50.484375,27.15625,220.125,1623.3125,366.625
9300,54.546875,46.15625,26.28125,776.484375,868.90625,331.765625,45.109375,50.015625,26.46875,221.125,1687.234375,329.78125
9400,55.921875,46.5625,26.21875,769.328125,907.234375,312.5625,46.515625,53.0,27.734375,219.890625,1668.875,358.28125
9500,55.734375,48.703125,27.546875,767.109375,920.234375,291.59375,45.9375,51.84375,29.421875,221.296875,1822.859375,246.578125
9600,55.03125,49.96875,28.375,767.203125,950.078125,316.40625,45.5,53.515625,29.953125,223.109375,1745.890625,296.078125
9700,54.375,48.703125,27.328125,772.09375,942.21875,313.296875,44.625,51.46875,29.859375,225.15625,1729.5625,295.15625
9800,54.90625,50.296875,28.03125,770.171875,973.90625,317.671875,44.90625,56.59375,28.78125,224.359375,1754.875,284.265625
9900,55.578125,51.984375,28.109375,768.328125,997.921875,286.140625,45.921875,56.078125,29.6875,223.96875,1735.109375,288.546875
10000,54.875,53.515625,26.875,772.359375,983.03125,293.484375,44.84375,56.921875,28.40625,227.390625,1762.65625,272.171875
10100,55.21875,52.734375,29.078125,773.078125,1027.28125,280.078125,45.75,57.25,30.703125,228.03125,1749.234375,258.390625
10200,56.265625,51.828125,27.609375,771.1875,1046.84375,282.515625,45.6875,54.859375,29.96875,229.5625,1744.25,261.921875
10300,54.703125,53.734375,26.671875,774.125,1020.90625,299.453125,45.328125,57.203125,27.765625,228.078125,1732.046875,268.953125
10400,54.109375,50.984375,26.4375,778.1875,1009.34375,311.859375,44.828125,54.28125,27.4375,226.515625,1702.625,299.484375
10500,53.015625,49.546875,29.21875,775.734375,984.671875,324.203125,44.53125,52.1875,31.0,228.03125,1703.125,328.015625
10600,52.25,49.890625,29.625,767.40625,1055.28125,298.328125,43.125,53.796875,31.546875,229.5625,1626.09375,328.359375
10700,52.25,50.546875,28.5625,765.859375,1009.28125,317.40625,43.390625,52.890625,30.53125,229.28125,1658.09375,315.484375
10800,52.53125,51.75,27.28125,767.9375,1004.015625,319.8125,43.625,54.828125,29.65625,227.890625,1655.40625,339.234375
10900,53.6875,51.671875,26.9375,770.90625,999.140625,332.265625,44.296875,54.09375,28.875,228.859375,1734.671875,275.4375
11000,51.78125,51.546875,26.71875,769.609375,1004.390625,316.734375,42.484375,54.03125,28.328125,224.328125,1713.40625,305.703125
11100,52.546875,49.609375,27.0,763.65625,1011.6875,316.859375,43.78125,52.75,28.375,226.265625,1737.703125,309.25
11200,53.375,47.59375,25.265625,766.953125,969.59375,350.828125,43.21875,50.984375,26.796875,224.3125,1691.171875,349.328125
11300,54.203125,45.9375,26.84375,766.671875,957.21875,350.296875,44.21875,48.78125,27.84375,224.875,1615.984375,397.140625
11400,52.484375,48.546875,25.6875,770.609375,984.234375,330.8125,43.578125,52.265625,26.140625,227.3125,1627.953125,366.625
11500,51.625,48.203125,25.75,765.0625,976.40625,317.328125,43.171875,50.03125,26.90625,223.46875,1710.40625,326.359375
11600,51.609375,44.984375,25.59375,763.484375,981.1875,333.4375,42.5625,51.625,25.734375,227.234375,1742.765625,310.890625
11700,51.609375,44.71875,24.515625,766.171875,972.921875,362.28125,43.015625,47.59375,25.28125,228.046875,1694.78125,338.171875
11800,53.0625,45.53125,24.4375,761.21875,984.265625,334.015625,43.65625,48.671875,26.15625,227.015625,1705.6875,299.96875
11900,51.875,46.96875,25.78125,769.78125,988.796875,304.875,43.21875,49.25,26.953125,230.015625,1714.046875,306.859375
12000,51.59375,47.21875,24.03125,770.796875,1007.890625,308.203125,42.71875,49.765625,26.125,224.796875,1691.265625,301.078125
12100,50.375,46.0625,24.6875,766.65625,1019.765625,315.328125,42.453125,48.546875,26.359375,225.390625,1732.78125,314.5625
12200,52.296875,47.03125,26.015625,767.734375,1073.734375,288.109375,43.03125,50.484375,27.3125,226.921875,1684.15625,319.5625
12300,52.515625,47.703125,27.0,759.1875,1065.265625,301.15625,44.0625,50.046875,27.984375,223.578125,1689.15625,320.96875
12400,52.234375,46.921875,26.203125,759.84375,1081.0,298.984375,43.234375,49.390625,28.375,224.109375,1772.671875,264.3125
12500,52.15625,46.84375,25.953125,754.6875,1090.15625,286.046875,43.28125,50.765625,27.046875,220.59375,1765.984375,291.359375
12600,50.9375,50.796875,25.578125,759.765625,1116.015625,285.71875,42.578125,53.625,27.03125,227.03125,1729.171875,298.703125
12700,50.453125,52.3125,24.78125,765.03125,1092.484375,294.078125,41.96875,55.140625,26.203125,228.5,1851.28125,230.0625
12800,50.890625,50.375,25.46875,768.28125,1109.5625,277.5625,41.65625,53.6875,27.578125,227.0625,1794.3125,243.140625
12900,49.71875,48.65625,27.1875,762.71875,1087.140625,281.203125,41.578125,51.65625,29.3125,225.578125,1738.46875,279.65625
13000,50.09375,51.296875,27.515625,762.640625,1034.953125,302.484375,41.671875,55.328125,29.140625,226.71875,1783.828125,257.15625
13100,49.828125,48.953125,28.625,756.78125,1064.1875,300.546875,41.21875,53.390625,30.046875,225.828125,1784.921875,267.15625
13200,49.734375,48.984375,27.1875,756.484375,1120.46875,269.984375,41.203125,52.96875,29.09375,223.71875,1801.375,272.78125
13300,48.125,51.5,27.75,757.859375,1115.25,292.21875,40.140625,53.875,28.71875,224.78125,1817.21875,236.28125
13400,47.359375,54.640625,27.59375,756.3125,1127.15625,298.265625,39.578125,57.796875,29.03125,223.796875,1788.484375,263.59375
13500,48.34375,55.109375,27.484375,751.1875,1103.984375,288.921875,40.109375,57.796875,29.796875,223.859375,1747.78125,302.421875
13600,48.21875,53.65625,27.8125,751.015625,1062.25,326.65625,40.265625,57.203125,29.1875,221.53125,1758.125,290.40625
13700,46.890625,57.1875,24.03125,754.140625,1077.9375,289.203125,39.421875,59.71875,25.640625,224.78125,1699.5625,315.765625
13800,48.296875,58.203125,24.53125,750.34375,1087.9375,297.9375,40.34375,60.65625,25.953125,221.828125,1754.671875,275.890625
13900,47.171875,55.46875,26.453125,744.265625,1076.546875,311.25,39.21875,59.515625,28.28125,221.546875,1731.578125,330.578125
14000,47.8125,53.5,25.484375,740.78125,1073.296875,310.796875,39.796875,57.34375,27.484375,222.015625,1757.71875,293.15625
14100,48.234375,51.6875,25.53125,741.0,1144.375,260.765625,40.859375,53.78125,26.84375,222.46875,1760.65625,321.03125
14200,49.609375,48.40625,25.0,749.5625,1101.609375,284.171875,40.765625,51.828125,26.890625,221.375,1778.921875,289.171875
14300,49.203125,49.234375,23.28125,753.046875,1170.515625,246.59375,40.125,52.0,24.390625,220.65625,1830.0625,264.453125
14400,48.328125,49.25,22.375,762.8125,1157.859375,246.953125,39.796875,52.109375,24.15625,225.296875,1823.390625,265.59375
14500,46.65625,46.453125,23.609375,758.140625,1129.71875,267.703125,38.765625,49.609375,24.890625,223.859375,1788.984375,279.203125
14600,45.21875,46.8125,23.703125,759.40625,1094.6875,280.140625,37.71875,50.015625,24.875,222.484375,1832.859375,273.421875
14700,44.96875,47.03125,23.515625,751.109375,1120.828125,294.71875,37.515625,50.328125,24.078125,226.078125,1756.953125,320.140625
14800,44.75,42.015625,23.75,752.65625,1125.65625,272.40625,37.625,46.78125,24.390625,224.234375,1794.84375,299.046875
14900,46.0,43.75,24.109375,751.09375,1170.5625,262.71875,38.546875,46.46875,25.703125,224.671875,1757.828125,298.4375
15000,46.4375,44.0,23.609375,745.453125,1155.859375,269.6875,38.609375,46.78125,25.546875,222.46875,1800.71875,315.5
15100,45.109375,46.640625,25.421875,749.9375,1144.015625,301.265625,37.0625,50.1875,26.484375,221.734375,1801.34375,298.015625
15200,45.796875,48.90625,23.28125,742.59375,1146.75,282.046875,37.671875,51.65625,24.53125,221.078125,1793.546875,294.5
15300,45.546875,50.15625,23.0,739.90625,1218.375,257.65625,37.953125,52.921875,23.765625,219.28125,1855.078125,241.890625
15400,45.859375,50.328125,23.03125,744.125,1161.5625,288.59375,37.71875,53.453125,23.8125,222.234375,1833.453125,262.140625
15500,46.328125,47.984375,21.984375,744.375,1139.515625,292.09375,38.0,51.234375,23.1875,219.78125,1814.9375,285.203125
15600,44.5,50.0,21.046875,750.75,1206.421875,261.921875,37.09375,51.703125,22.71875,220.84375,1815.453125,277.484375
15700,45.65625,45.90625,21.765625,738.484375,1225.578125,278.140625,37.78125,48.6875,23.453125,220.125,1855.71875,237.46875
15800,46.859375,43.921875,20.8125,744.484375,1206.5625,270.390625,39.609375,45.65625,22.09375,220.390625,1830.9375,275.796875
15900,47.828125,40.734375,19.78125,744.96875,1148.109375,292.34375,39.78125,42.5625,21.3125,219.6875,1826.671875,250.65625
16000,46.890625,42.75,18.0625,744.609375,1171.828125,272.4375,39.171875,45.046875,19.34375,219.453125,1827.296875,274.0625
16100,46.125,44.515625,17.5625,744.546875,1220.5625,262.9375,38.1875,47.125,18.859375,218.625,1877.734375,232.609375
16200,45.625,41.984375,18.390625,745.5,1209.265625,271.28125,37.75,46.125,19.109375,219.078125,1871.078125,253.5625
16300,45.328125,40.984375,19.0625,745.015625,1216.21875,254.65625,37.84375,43.609375,20.40625,219.34375,1858.890625,252.328125
16400,46.328125,39.078125,19.65625,746.65625,1224.0625,254.265625,38.953125,41.140625,21.46875,218.59375,1856.96875,265.34375
16500,45.90625,39.046875,20.453125,748.921875,1193.0,269.984375,38.25,43.015625,21.578125,219.28125,1813.703125,287.546875
16600,46.5,38.78125,18.859375,744.65625,1193.609375,264.421875,38.953125,41.109375,20.453125,220.90625,1930.078125,207.421875
16700,45.5625,39.21875,19.515625,738.734375,1234.15625,261.171875,39.0,40.84375,20.453125,218.796875,1869.53125,256.875
16800,46.25,40.3125,20.03125,736.421875,1226.71875,266.09375,38.765625,42.90625,21.390625,219.65625,1861.109375,264.296875
16900,47.828125,41.03125,20.90625,731.328125,1237.953125,283.859375,39.703125,43.28125,22.109375,222.859375,1819.6875,289.5625
17000,46.703125,41.859375,21.3125,729.703125,1273.6875,238.75,39.0625,44.109375,22.328125,221.015625,1931.109375,222.703125
17100,45.828125,41.328125,22.109375,734.484375,1283.625,233.375,38.390625,42.84375,23.34375,222.75,1900.640625,225.625
17200,44.734375,42.8125,20.609375,730.234375,1225.640625,267.4375,37.265625,44.671875,22.328125,221.828125,1893.078125,227.390625
17300,44.21875,41.5625,22.109375,734.796875,1232.90625,264.765625,37.03125,43.859375,22.6875,223.8125,1878.734375,249.703125
17400,43.625,41.015625,21.53125,742.921875,1260.359375,232.65625,36.25,42.484375,22.84375,221.0,1859.109375,246.140625
17500,43.046875,41.34375,22.28125,731.6875,1231.203125,285.09375,35.75,44.078125,23.265625,219.625,1841.59375,245.796875
17600,43.796875,42.46875,23.015625,734.359375,1265.03125,274.859375,36.4375,44.984375,24.625,220.140625,1838.484375,273.640625
17700,44.28125,43.28125,22.5,726.5625,1201.265625,294.078125,37.03125,45.9375,23.75,216.609375,1847.75,268.71875
17800,44.875,48.5,22.59375,724.1875,1253.609375,260.390625,37.5,51.421875,24.25,220.21875,1848.546875,277.8125
17900,43.5625,48.34375,23.890625,727.46875,1235.34375,264.453125,36.484375,50.375,26.25,218.40625,1872.8125,240.515625
18000,44.75,47.5,24.875,728.28125,1221.78125,271.375,37.171875,50.65625,26.40625,218.703125,1902.75,235.515625
18100,43.8125,47.671875,25.328125,731.171875,1228.828125,274.75,36.484375,50.5625,26.5,217.984375,1883.578125,249.25
18200,45.109375,49.0,23.59375,731.65625,1202.796875,299.140625,37.5625,51.390625,25.390625,218.53125,1899.796875,231.828125
18300,44.21875,50.90625,23.046875,728.984375,1234.875,275.203125,37.046875,53.953125,24.46875,217.25,1868.90625,270.21875
18400,42.9375,50.484375,24.28125,731.296875,1244.890625,278.5,36.21875,53.078125,25.65625,219.21875,1873.234375,247.375
18500,42.921875,50.640625,23.953125,731.765625,1204.6875,307.609375,35.96875,52.28125,25.140625,218.25,1878.0625,248.375
18600,41.90625,52.421875,24.390625,736.203125,1192.15625,297.65625,35.0625,54.484375,26.125,220.0625,1890.578125,231.859375
18700,43.046875,54.296875,23.59375,729.390625,1236.234375,255.390625,35.921875,56.171875,25.328125,218.53125,1830.03125,280.8125
18800,42.90625,52.4375,24.265625,725.375,1252.546875,264.015625,35.859375,55.125,25.5625,218.109375,1833.546875,284.15625
18900,44.09375,50.390625,23.84375,731.28125,1263.234375,257.296875,36.421875,52.484375,25.421875,218.40625,1828.515625,282.53125
19000,43.96875,50.421875,22.859375,735.21875,1233.171875,261.0,37.109375,52.296875,24.34375,218.90625,1827.0625,291.71875
19100,43.421875,50.171875,23.296875,741.875,1268.171875,241.921875,36.421875,51.609375,24.1875,218.25,1812.28125,286.484375
19200,44.40625,50.5625,23.40625,740.375,1216.515625,273.84375,36.640625,52.328125,24.890625,216.625,1813.203125,291.515625
19300,43.578125,48.171875,25.109375,742.53125,1219.140625,270.8125,36.78125,51.421875,25.453125,218.40625,1878.21875,255.421875
19400,44.265625,47.859375,23.921875,743.453125,1208.9375,276.09375,36.84375,51.4375,25.5625,219.234375,1894.3125,231.796875
19500,43.71875,45.96875,22.4375,739.5,1187.375,295.015625,36.171875,48.453125,24.0,220.53125,1855.078125,258.09375
19600,43.375,41.140625,22.71875,748.296875,1184.65625,286.5,35.875,44.140625,23.96875,220.328125,1866.46875,252.625
19700,43.390625,43.34375,22.078125,748.765625,1174.53125,306.828125,36.453125,45.140625,23.390625,219.1875,1852.5625,268.109375
19800,41.046875,41.796875,20.78125,745.109375,1181.4375,298.890625,35.234375,43.71875,22.890625,218.078125,1849.0,286.453125
19900,41.09375,40.40625,20.46875,739.640625,1199.65625,294.328125,34.703125,42.921875,21.34375,217.234375,1926.296875,239.203125
20000,40.9375,42.859375,20.015625,729.765625,1253.734375,268.390625,34.59375,45.21875,21.5625,219.734375,1861.859375,260.25
20100,42.4375,40.3125,19.609375,725.578125,1288.015625,282.59375,35.609375,41.59375,20.96875,216.578125,1920.0,240.359375
20200,42.65625,39.203125,20.578125,729.1875,1277.859375,273.265625,36.015625,41.296875,21.484375,216.296875,1954.75,225.40625
20300,44.375,35.234375,21.765625,727.4375,1266.28125,279.890625,37.390625,38.5,22.359375,215.265625,1951.9375,244.953125
20400,44.28125,40.65625,22.265625,719.4375,1255.265625,286.84375,37.171875,42.625,23.734375,215.3125,1932.921875,231.53125
20500,44.8125,47.078125,22.125,717.3125,1290.921875,262.34375,37.765625,48.546875,23.96875,218.484375,1890.84375,244.21875
20600,43.09375,49.71875,24.03125,723.46875,1329.203125,226.09375,36.125,51.578125,25.203125,220.078125,1924.15625,208.796875
20700,43.59375,52.828125,24.875,728.5625,1281.515625,249.375,36.484375,54.53125,26.609375,217.234375,1897.953125,221.203125
20800,43.34375,52.625,27.625,726.21875,1282.5,244.421875,36.734375,56.53125,28.109375,216.890625,1872.25,253.734375
20900,43.796875,54.5,26.9375,735.234375,1238.4375,244.90625,36.328125,57.296875,28.421875,220.546875,1873.421875,240.96875
21000,43.171875,55.53125,25.34375,732.1875,1214.546875,278.46875,35.875,57.40625,26.6875,218.9375,1866.875,238.0625
21100,44.1875,54.296875,25.015625,733.09375,1224.125,268.9375,36.390625,57.703125,26.015625,219.765625,1821.125,269.578125
21200,44.0,55.109375,25.203125,738.25,1251.0,251.703125,36.484375,58.46875,26.953125,219.0,1869.46875,266.21875
21300,43.09375,53.375,25.1875,738.03125,1175.78125,288.328125,35.59375,56.71875,25.640625,219.46875,1908.328125,225.46875
21400,42.609375,52.21875,25.828125,743.828125,1214.8125,263.453125,35.09375,54.703125,27.734375,218.5,1910.5625,222.640625
21500,41.578125,52.390625,26.15625,738.484375,1195.734375,277.75,34.71875,55.953125,27.09375,216.703125,1911.921875,250.4375
21600,43.359375,51.984375,24.734375,738.25,1210.0,279.8125,35.765625,57.359375,25.28125,218.015625,1870.0,259.265625
21700,42.328125,56.203125,23.4375,738.734375,1201.796875,279.171875,35.265625,58.125,25.4375,219.9375,1856.1875,268.65625
21800,42.0625,55.171875,23.53125,739.15625,1167.046875,314.8125,34.921875,56.375,25.71875,220.078125,1785.09375,280.15625
21900,41.828125,52.109375,24.546875,736.140625,1203.109375,286.0,34.890625,56.5625,25.953125,220.421875,1803.578125,296.859375
22000,41.828125,51.78125,25.59375,737.5625,1127.46875,319.625,35.25,54.609375,26.921875,220.171875,1764.671875,323.609375
22100,42.390625,50.953125,24.484375,736.765625,1165.25,298.46875,35.28125,53.96875,26.90625,218.8125,1836.546875,280.046875
22200,42.640625,48.0625,25.28125,742.25,1176.6875,304.9375,35.59375,50.5,26.515625,219.96875,1814.78125,270.8125
22300,41.390625,51.3125,23.9375,736.046875,1188.0,294.3125,34.65625,53.484375,25.296875,215.265625,1803.890625,292.296875
22400,40.90625,49.453125,24.15625,737.015625,1250.578125,262.921875,34.171875,52.125,25.59375,215.328125,1927.796875,219.875
22500,41.328125,51.21875,23.578125,732.28125,1227.5625,259.203125,34.21875,54.0,24.484375,214.25,1874.40625,260.75
22600,41.25,50.109375,22.71875,731.828125,1231.90625,275.90625,34.453125,54.03125,24.390625,214.34375,1926.1875,233.171875
22700,40.75,49.859375,23.015625,731.0625,1254.078125,256.0625,34.328125,52.046875,23.796875,215.28125,1904.609375,252.546875
22800,40.515625,51.40625,21.078125,732.234375,1260.921875,256.890625,34.1875,53.28125,23.109375,216.140625,1889.765625,248.9375
22900,42.421875,48.90625,21.609375,730.28125,1221.0625,289.671875,35.375,51.078125,22.734375,215.890625,1885.625,293.78125
23000,42.5,45.0625,23.765625,730.09375,1256.859375,268.078125,35.171875,47.484375,25.484375,215.296875,1904.8125,273.578125
23100,42.03125,45.28125,22.109375,734.90625,1250.953125,261.984375,34.84375,49.359375,23.0,217.390625,1926.984375,233.453125
23200,41.8125,49.90625,21.6875,737.6875,1240.890625,268.171875,34.5,52.34375,23.25,216.59375,1940.375,216.0625
23300,42.796875,47.953125,23.6875,737.140625,1258.375,259.1875,35.15625,52.234375,24.28125,216.890625,1958.75,219.53125
23400,41.84375,47.53125,22.40625,739.171875,1279.984375,254.59375,34.3125,50.6875,24.0625,216.09375,1959.21875,221.375
23500,40.296875,50.0625,21.328125,739.796875,1277.328125,255.265625,33.546875,52.15625,22.703125,219.046875,1986.859375,200.625
23600,42.9375,47.171875,19.640625,735.0625,1236.4375,305.109375,35.4375,49.28125,20.734375,215.1875,1940.703125,241.796875
23700,43.4375,46.015625,18.71875,731.546875,1256.25,288.0625,36.125,49.40625,19.65625,214.71875,1932.046875,247.328125
23800,43.46875,45.078125,17.78125,723.109375,1301.015625,269.5625,36.203125,47.03125,19.0,212.46875,2018.890625,199.515625
23900,42.234375,44.140625,18.59375,729.171875,1270.53125,276.46875,35.234375,45.828125,19.9375,212.46875,1976.5,237.3125
24000,42.28125,44.5,18.875,728.203125,1256.609375,270.25,35.46875,46.40625,19.828125,213.046875,1958.765625,222.015625
24100,41.15625,45.90625,19.125,722.390625,1253.140625,277.8125,34.5,47.9375,20.640625,210.9375,1907.4375,281.875
24200,41.984375,44.40625,19.046875,724.578125,1233.15625,288.375,35.125,47.046875,20.015625,210.1875,1930.203125,262.28125
24300,42.875,42.171875,19.046875,723.28125,1271.625,269.203125,36.0625,45.328125,20.046875,212.953125,1956.75,237.625
24400,41.6875,42.75,18.15625,723.59375,1288.921875,251.5625,34.671875,44.421875,19.34375,215.390625,1958.671875,237.0
24500,41.546875,43.703125,20.046875,722.828125,1305.0625,266.46875,34.734375,44.484375,21.40625,213.296875,1956.1875,235.453125
24600,41.96875,42.5,21.453125,722.703125,1308.578125,269.03125,35.296875,44.171875,22.71875,214.109375,1993.109375,199.359375
24700,42.0,41.421875,21.625,721.78125,1312.3125,283.84375,35.03125,44.75,22.15625,214.03125,2001.125,198.4375
24800,41.828125,44.453125,21.03125,719.015625,1344.265625,248.328125,34.875,47.15625,22.484375,215.03125,1960.09375,223.609375
24900,42.203125,45.53125,22.25,719.78125,1306.859375,283.109375,34.75,47.75,24.078125,215.5,1928.875,250.203125
25000,41.4375,45.546875,22.203125,728.46875,1311.9375,269.25,34.640625,47.953125,23.96875,217.6875,1900.296875,267.09375
25100,41.640625,45.203125,21.796875,728.921875,1290.671875,274.796875,34.75,47.640625,23.28125,218.0625,1938.09375,216.3125
25200,41.0,44.65625,21.4375,729.21875,1300.8125,259.8125,34.140625,47.34375,23.734375,217.171875,1917.828125,238.390625
25300,40.640625,43.953125,22.265625,729.203125,1238.25,290.1875,34.078125,46.875,23.5625,217.34375,1907.375,222.53125
25400,40.640625,39.125,22.046875,739.875,1273.640625,281.328125,33.8125,41.765625,23.421875,219.53125,1900.375,263.171875
25500,41.203125,37.59375,20.890625,738.984375,1268.75,285.21875,34.453125,39.5625,22.34375,220.84375,1875.1875,277.96875
25600,39.859375,36.203125,19.390625,740.1875,1259.234375,300.21875,33.625,38.34375,20.96875,219.53125,1921.71875,256.0625
25700,41.28125,34.46875,19.96875,735.765625,1259.171875,283.96875,34.46875,36.5625,21.59375,216.265625,1921.9375,254.265625
25800,40.4375,36.5625,20.46875,731.140625,1261.390625,283.65625,34.046875,38.453125,21.453125,216.09375,1890.0625,272.390625
25900,41.046875,37.21875,21.765625,728.171875,1259.671875,290.453125,34.28125,39.796875,22.75,219.125,1925.171875,251.5
26000,41.265625,40.234375,21.4375,721.765625,1277.90625,281.46875,34.59375,41.90625,23.015625,217.46875,1895.3125,266.734375
26100,40.765625,40.296875,21.1875,717.296875,1281.25,277.765625,34.0,42.390625,22.296875,217.28125,1896.484375,258.09375
26200,39.609375,44.4375,20.828125,721.4375,1302.484375,256.4375,33.15625,45.984375,21.84375,215.109375,1933.21875,256.484375
26300,39.703125,44.0,22.328125,720.390625,1324.6875,251.765625,33.71875,46.921875,22.609375,215.5,1964.390625,240.65625
26400,38.8125,43.71875,21.796875,719.0625,1298.859375,267.3125,32.890625,45.765625,22.640625,216.46875,1994.53125,223.0625
26500,39.625,45.03125,20.75,715.953125,1328.265625,260.65625,33.265625,46.75,22.140625,214.5,2024.9375,186.6875
26600,40.890625,44.703125,20.53125,711.75,1332.125,286.03125,34.3125,46.234375,22.140625,214.96875,1980.078125,206.015625
26700,40.515625,43.109375,21.46875,712.484375,1353.28125,276.15625,34.03125,45.859375,22.40625,215.546875,1936.28125,238.34375
26800,41.390625,42.4375,20.234375,718.40625,1317.78125,277.796875,34.78125,44.90625,20.734375,215.203125,1973.296875,198.5625
26900,41.140625,42.03125,20.21875,714.75,1322.703125,281.765625,34.21875,45.21875,21.53125,216.84375,1944.015625,236.0
27000,41.390625,42.21875,20.390625,717.328125,1331.15625,268.234375,34.46875,45.265625,21.640625,215.796875,1920.125,251.34375
27100,41.671875,42.28125,22.125,719.640625,1319.390625,265.71875,34.796875,44.375,23.484375,217.453125,1883.75,272.375
27200,40.453125,41.453125,22.03125,715.21875,1339.203125,258.78125,33.90625,44.484375,22.78125,214.765625,1940.515625,240.609375
27300,39.703125,41.296875,21.421875,716.921875,1352.375,256.5625,33.46875,42.9375,22.859375,215.328125,1888.234375,265.265625
27400,41.171875,42.453125,21.734375,713.046875,1378.8125,232.546875,33.671875,44.390625,23.578125,216.21875,1935.0,241.75
27500,39.859375,43.703125,22.671875,715.59375,1336.84375,234.78125,33.15625,45.484375,23.640625,213.53125,1971.296875,209.796875
27600,40.421875,44.640625,22.453125,715.25,1331.90625,244.25,33.5625,46.15625,24.59375,212.1875,1885.734375,267.109375
27700,39.109375,46.8125,23.984375,714.953125,1291.4375,273.671875,32.75,48.375,25.125,211.640625,1942.1875,240.828125
27800,40.21875,47.171875,23.265625,716.859375,1317.59375,264.734375,33.15625,48.625,24.34375,213.5,1969.9375,212.59375
27900,41.046875,49.359375,21.984375,717.453125,1302.25,283.5,34.53125,51.640625,22.46875,213.296875,1983.25,214.28125
28000,41.0625,51.125,20.96875,716.546875,1319.890625,278.53125,34.171875,53.78125,21.515625,217.421875,1972.546875,244.34375
28100,41.859375,50.875,20.75,715.03125,1313.859375,274.84375,34.6875,54.46875,21.140625,213.859375,1970.03125,255.640625
28200,42.109375,50.984375,19.96875,712.375,1362.875,265.765625,35.125,54.515625,20.65625,216.5625,1892.015625,291.25
28300,42.796875,51.84375,20.5625,714.875,1292.109375,308.03125,35.703125,53.5,22.171875,214.5625,1923.46875,287.65625
28400,43.109375,47.203125,21.359375,708.671875,1313.65625,300.296875,35.0625,49.90625,23.71875,214.828125,1960.71875,252.859375
28500,42.5625,49.125,21.984375,708.5625,1306.78125,291.890625,34.953125,51.890625,24.09375,214.53125,1917.140625,278.46875
28600,41.5625,48.265625,21.171875,711.609375,1307.625,285.328125,34.515625,50.359375,23.6875,214.84375,1961.5,246.078125
28700,40.96875,48.40625,20.96875,709.421875,1338.921875,277.203125,34.21875,50.828125,22.34375,213.390625,1956.25,254.546875
28800,42.328125,47.8125,21.203125,709.9375,1299.546875,276.671875,35.234375,50.265625,22.875,214.875,1973.515625,208.8125
28900,42.171875,47.28125,22.328125,715.828125,1304.640625,264.484375,35.484375,49.59375,23.453125,214.28125,1950.9375,243.984375
29000,41.234375,48.640625,23.265625,714.359375,1341.046875,250.203125,34.0,53.25,23.671875,216.796875,1924.9375,258.78125
29100,42.140625,49.796875,21.375,710.6875,1323.96875,244.109375,34.828125,51.890625,23.078125,216.046875,1968.6875,211.9375
29200,41.5625,48.046875,21.875,715.46875,1268.90625,260.3125,34.890625,50.15625,23.8125,218.578125,1891.0,263.8125
29300,41.796875,45.890625,21.171875,720.078125,1271.609375,271.84375,34.953125,48.859375,22.421875,216.59375,1952.125,218.46875
29400,41.25,44.984375,21.921875,719.546875,1286.0,271.5,34.59375,49.375,23.15625,215.953125,1894.40625,266.46875
29500,42.046875,45.953125,21.40625,713.703125,1248.078125,296.65625,34.953125,48.96875,23.328125,215.28125,1925.171875,251.28125
29600,42.328125,44.265625,23.921875,719.578125,1277.640625,273.21875,34.921875,46.796875,25.875,215.359375,1848.34375,302.453125
29700,41.53125,42.375,24.90625,718.78125,1246.4375,279.28125,34.375,46.078125,26.203125,215.390625,1861.9375,296.328125
29800,41.921875,43.375,24.015625,720.96875,1253.75,289.765625,35.125,45.96875,25.71875,215.140625,1933.125,252.890625
29900,43.390625,43.625,23.453125,721.984375,1265.484375,269.828125,36.140625,45.703125,25.1875,214.28125,1882.5,265.4375
30000,40.875,43.859375,22.234375,727.421875,1223.5,287.234375,33.984375,46.671875,23.71875,215.171875,1904.546875,275.375
30100,41.59375,41.734375,20.9375,729.125,1262.015625,269.046875,34.625,44.859375,21.765625,213.5625,1938.578125,277.4375
30200,41.109375,43.5,20.40625,718.171875,1293.640625,266.921875,34.5625,45.0625,21.765625,212.78125,1917.984375,282.234375
30300,41.765625,42.40625,20.1875,723.390625,1241.953125,278.453125,34.75,44.5,21.734375,212.703125,1936.859375,244.078125
30400,41.25,42.046875,19.28125,722.390625,1275.21875,289.953125,34.859375,44.28125,20.078125,212.0,1960.96875,228.828125
30500,41.265625,38.453125,19.484375,724.78125,1295.390625,279.90625,34.890625,40.828125,20.8125,211.390625,1941.265625,237.953125
30600,40.28125,38.625,19.703125,721.484375,1296.921875,284.515625,34.0625,40.875,20.953125,211.484375,1928.0,266.046875
30700,40.25,38.921875,20.953125,719.671875,1312.453125,270.953125,33.984375,40.9375,22.078125,212.671875,1935.046875,241.734375
30800,39.9375,37.1875,20.6875,721.0625,1285.34375,278.046875,33.234375,39.40625,22.203125,211.8125,1869.390625,293.765625
30900,40.640625,38.375,19.5625,721.359375,1313.0,262.234375,34.0,40.640625,21.28125,211.375,1919.234375,262.328125
31000,41.65625,39.1875,20.21875,717.625,1339.046875,249.5,35.109375,41.859375,20.84375,210.6875,1954.65625,265.078125
31100,40.546875,39.671875,20.25,716.828125,1314.359375,267.578125,33.703125,42.3125,21.328125,211.734375,1902.84375,283.421875
31200,40.484375,40.21875,20.15625,710.609375,1342.421875,263.78125,33.75,42.21875,21.78125,212.578125,1941.46875,264.734375
31300,42.125,39.734375,18.859375,711.390625,1320.625,254.53125,35.0625,41.734375,20.3125,209.53125,1921.765625,284.875
31400,41.453125,37.59375,19.359375,711.15625,1320.453125,273.75,34.65625,39.46875,20.265625,211.90625,1951.765625,253.078125
31500,40.765625,37.328125,20.40625,714.203125,1371.453125,235.359375,34.546875,39.3125,21.625,213.890625,1972.65625,254.40625
31600,39.1875,37.75,20.828125,711.109375,1389.671875,216.140625,32.59375,41.140625,21.96875,212.53125,1951.78125,250.15625
31700,39.28125,40.15625,21.078125,709.453125,1393.109375,233.5625,32.6875,42.265625,22.53125,215.734375,1977.171875,248.3125
31800,38.140625,40.0625,21.03125,708.765625,1422.515625,228.59375,31.796875,42.84375,22.46875,213.421875,1963.578125,224.03125
31900,38.421875,41.28125,20.984375,703.890625,1404.046875,232.15625,31.875,45.0625,22.171875,212.078125,1973.546875,225.765625
32000,38.640625,41.609375,20.875,706.875,1414.265625,229.359375,32.375,43.09375,22.078125,212.546875,2042.875,176.296875
32100,38.15625,40.984375,21.671875,704.234375,1439.6875,222.71875,31.890625,42.609375,23.28125,211.265625,1979.5,218.671875
32200,37.765625,42.25,21.390625,707.8125,1424.1875,216.625,31.34375,43.46875,23.0625,212.140625,1988.09375,212.09375
32300,38.75,38.84375,22.140625,706.4375,1402.15625,246.875,32.5,41.078125,22.953125,208.6875,2011.421875,216.40625
32400,39.375,40.953125,20.1875,710.71875,1370.21875,260.046875,32.828125,42.90625,21.734375,209.9375,1990.484375,230.296875
32500,38.375,41.921875,19.1875,714.46875,1417.140625,233.90625,32.640625,43.484375,20.421875,213.578125,2013.046875,187.265625
32600,38.828125,40.34375,19.046875,712.640625,1364.25,277.046875,32.921875,42.140625,19.671875,209.890625,1970.234375,226.9375
32700,38.765625,37.578125,19.171875,712.875,1355.046875,303.65625,32.5625,39.65625,20.640625,210.5,1974.578125,250.734375
32800,39.9375,37.421875,19.484375,710.171875,1379.90625,250.5625,33.453125,39.578125,20.296875,212.21875,1998.953125,202.125
32900,40.25,34.984375,19.03125,712.890625,1354.75,265.984375,33.640625,37.203125,21.375,211.25,1949.0,261.296875
33000,38.71875,36.234375,18.6875,715.0625,1407.90625,225.984375,32.171875,38.875,19.765625,212.21875,1967.375,249.78125
33100,37.828125,36.765625,18.484375,712.265625,1382.234375,252.125,31.46875,39.640625,20.125,212.78125,1958.3125,253.5
33200,38.34375,37.40625,19.109375,711.859375,1394.109375,255.140625,31.65625,38.96875,20.46875,212.40625,1962.65625,263.328125
33300,38.8125,36.421875,19.34375,716.265625,1346.59375,254.09375,32.28125,38.1875,21.125,214.28125,1935.078125,260.015625
33400,39.171875,34.625,19.015625,717.0,1350.375,265.78125,32.53125,37.1875,20.71875,213.25,1961.328125,244.640625
33500,39.765625,33.53125,18.484375,720.6875,1394.96875,245.84375,33.34375,36.234375,20.171875,211.640625,1979.140625,256.875
33600,39.375,33.015625,19.03125,713.03125,1375.75,264.375,33.109375,34.40625,19.78125,211.171875,1967.515625,261.921875
33700,38.109375,34.859375,18.734375,706.71875,1402.34375,250.125,32.828125,35.875,20.421875,212.296875,1965.4375,275.609375
33800,38.875,33.109375,18.546875,710.609375,1398.6875,252.453125,32.921875,34.46875,19.5,213.921875,1951.359375,263.234375
33900,38.78125,34.34375,17.40625,715.0,1402.734375,266.1875,32.703125,35.703125,18.578125,212.765625,2023.296875,233.5625
34000,37.234375,35.125,19.296875,712.765625,1401.421875,232.203125,31.859375,36.609375,20.40625,213.140625,2038.921875,216.96875
34100,37.84375,34.78125,20.109375,713.59375,1378.640625,247.421875,31.90625,37.9375,21.375,213.53125,2024.328125,197.046875
34200,36.65625,35.65625,19.765625,711.09375,1412.734375,230.484375,31.140625,37.328125,20.859375,211.796875,1966.375,266.1875
34300,37.265625,34.609375,19.640625,707.71875,1399.3125,252.828125,31.375,36.921875,21.578125,212.09375,1983.765625,237.125
34400,37.375,35.0,20.5625,707.390625,1453.15625,215.765625,31.25,36.953125,22.359375,214.59375,1972.53125,263.78125
34500,38.078125,38.140625,20.875,697.90625,1446.09375,223.15625,32.171875,40.59375,21.953125,213.421875,2009.203125,224.8125
34600,38.703125,38.609375,19.375,697.578125,1445.71875,233.03125,32.8125,41.375,20.5625,212.96875,2013.34375,216.375
34700,38.046875,38.515625,19.8125,694.9375,1478.53125,212.0625,31.96875,41.0,21.25,210.9375,2087.4375,172.921875
34800,38.171875,38.515625,20.90625,691.5,1460.921875,218.0625,31.859375,40.78125,22.0625,210.796875,2001.1875,229.9375
34900,38.25,38.8125,21.0625,690.296875,1477.4375,223.25,32.390625,41.234375,21.234375,209.828125,1984.671875,240.78125
35000,38.359375,39.515625,20.65625,698.296875,1478.109375,234.703125,31.921875,41.625,21.484375,212.53125,1987.140625,244.4375
35100,37.515625,43.078125,20.515625,699.4375,1434.078125,268.765625,31.25,45.578125,21.921875,211.796875,2010.640625,233.25
35200,38.59375,42.875,21.46875,697.6875,1417.5,263.25,32.21875,46.03125,22.375,207.703125,2016.4375,223.5625
35300,38.640625,41.203125,21.734375,697.96875,1440.828125,245.9375,31.75,44.0,22.828125,211.84375,2042.0625,200.265625
35400,37.84375,39.765625,21.859375,702.59375,1435.515625,245.296875,31.390625,43.40625,22.8125,214.203125,2019.8125,212.53125
35500,38.0625,43.734375,22.0625,699.890625,1432.96875,243.8125,31.25,46.90625,23.953125,212.9375,2030.265625,200.9375
35600,38.03125,44.390625,22.96875,699.78125,1459.484375,250.40625,31.734375,47.859375,24.40625,214.28125,2017.609375,199.890625
35700,38.28125,43.03125,23.421875,700.78125,1409.140625,246.109375,31.9375,45.625,25.0,215.34375,2013.078125,214.359375
35800,38.984375,43.234375,21.875,698.546875,1445.265625,233.5625,32.40625,45.375,24.8125,212.46875,1983.375,222.390625
35900,38.96875,43.6875,21.515625,699.1875,1451.109375,243.25,32.59375,44.96875,23.140625,210.890625,2018.1875,201.1875
36000,38.984375,41.34375,20.828125,694.046875,1410.625,262.796875,32.5625,43.078125,22.078125,211.625,2002.34375,233.4375
36100,38.796875,42.359375,21.40625,697.546875,1435.28125,249.765625,32.15625,43.859375,22.453125,211.53125,1968.875,239.546875
36200,38.359375,43.546875,21.34375,699.078125,1374.765625,283.59375,31.9375,46.84375,21.703125,211.34375,2001.953125,214.078125
36300,38.546875,45.96875,19.890625,703.765625,1344.375,290.65625,32.0625,47.453125,21.09375,213.09375,1942.25,257.921875
36400,37.953125,44.03125,20.21875,708.046875,1381.9375,270.03125,31.734375,46.15625,21.34375,212.3125,1967.921875,257.65625
36500,38.53125,44.328125,20.453125,710.796875,1301.78125,310.921875,32.359375,47.859375,21.0,210.828125,1968.296875,251.4375
36600,38.515625,43.890625,21.015625,713.765625,1348.796875,292.515625,32.046875,45.96875,21.75,211.859375,1943.46875,268.53125
36700,38.515625,41.84375,23.078125,715.421875,1350.734375,263.15625,31.5625,45.4375,22.734375,213.125,1929.359375,264.34375
36800,38.078125,40.875,23.3125,714.484375,1343.875,263.203125,31.90625,44.4375,25.015625,212.140625,1960.03125,253.65625
36900,38.578125,43.1875,22.28125,714.046875,1363.375,252.609375,31.890625,46.5,23.328125,214.078125,1979.953125,242.8125
37000,38.15625,45.625,21.8125,710.078125,1351.671875,265.875,31.84375,49.578125,21.796875,214.921875,1980.203125,223.703125
37100,37.296875,46.40625,19.984375,716.8125,1358.140625,266.9375,31.1875,48.140625,21.296875,211.265625,1955.59375,253.078125
37200,36.921875,42.640625,20.40625,720.5,1371.1875,244.296875,30.859375,45.0625,21.890625,213.484375,1953.84375,261.765625
37300,36.640625,42.53125,19.84375,721.828125,1360.578125,248.6875,30.6875,46.640625,20.765625,213.796875,1930.171875,261.046875
37400,37.03125,44.21875,20.03125,716.0,1361.328125,264.21875,30.546875,47.734375,21.390625,212.75,1938.40625,243.890625
37500,37.171875,40.8125,20.4375,712.40625,1358.125,260.765625,30.859375,45.515625,21.765625,209.96875,1939.734375,255.953125
37600,36.6875,40.890625,20.21875,705.6875,1358.71875,258.796875,30.765625,42.8125,21.265625,208.6875,2016.078125,231.671875
37700,37.4375,40.5,18.640625,705.53125,1385.1875,266.15625,31.46875,42.015625,19.5625,209.859375,2055.6875,230.9375
37800,36.953125,39.59375,18.4375,702.09375,1397.296875,264.015625,31.421875,41.46875,18.890625,210.125,2017.59375,247.078125
37900,36.34375,38.453125,18.609375,703.046875,1398.828125,269.171875,30.921875,39.5,19.71875,210.546875,1979.546875,273.5
38000,35.984375,36.890625,18.21875,701.515625,1357.765625,286.71875,30.6875,38.53125,19.265625,211.546875,1958.046875,288.8125
38100,37.59375,35.171875,17.65625,702.609375,1377.8125,275.09375,31.109375,37.703125,19.15625,210.703125,1966.140625,248.828125
38200,37.640625,35.40625,18.609375,699.640625,1398.015625,258.65625,32.203125,37.46875,19.0,212.140625,2045.515625,200.421875
38300,38.296875,33.578125,19.078125,698.15625,1397.875,260.046875,32.34375,35.125,20.375,211.328125,1999.03125,251.796875
38400,38.125,34.09375,19.53125,696.875,1409.234375,266.609375,32.140625,36.0625,20.921875,209.21875,2020.9375,242.046875
38500,39.125,34.078125,18.0625,695.65625,1423.15625,253.71875,32.46875,35.5,19.5,209.65625,2052.453125,223.59375
38600,37.703125,32.546875,19.3125,696.921875,1409.15625,266.828125,31.78125,35.546875,19.84375,208.859375,1972.6875,252.9375
38700,38.421875,32.796875,18.1875,697.140625,1410.34375,257.90625,32.5,34.53125,19.25,207.125,2023.21875,225.703125
38800,39.140625,31.953125,18.6875,701.3125,1412.15625,256.765625,32.484375,34.734375,19.140625,208.65625,2036.6875,228.484375
38900,36.96875,36.328125,19.015625,701.65625,1389.046875,280.0625,30.953125,38.046875,20.078125,209.90625,1967.234375,276.421875
39000,37.5625,36.8125,20.296875,703.40625,1376.328125,269.765625,31.453125,39.03125,21.34375,209.328125,1976.34375,263.9375
39100,37.9375,36.71875,20.703125,698.5625,1374.75,293.421875,31.375,39.21875,22.09375,209.875,2020.59375,237.5625
39200,37.1875,36.28125,21.390625,697.203125,1411.359375,289.59375,30.75,38.046875,22.9375,211.09375,2017.515625,247.921875
39300,37.234375,35.640625,20.078125,694.953125,1439.28125,275.828125,30.90625,38.109375,21.421875,210.671875,2042.046875,226.765625
39400,37.9375,36.578125,20.34375,696.078125,1447.140625,259.21875,31.671875,38.09375,21.59375,209.171875,2076.359375,213.296875
39500,37.359375,36.546875,21.828125,695.1875,1361.0625,293.265625,31.078125,38.1875,23.625,210.609375,2022.75,234.53125
39600,38.859375,37.078125,21.390625,701.734375,1397.234375,275.0,31.859375,39.53125,23.90625,208.625,2014.734375,248.203125
39700,37.40625,39.25,20.71875,699.25,1353.34375,271.8125,31.265625,40.875,22.015625,208.4375,2016.15625,214.625
39800,37.75,40.53125,20.34375,698.4375,1370.765625,274.078125,31.65625,41.78125,21.5625,209.734375,1946.625,261.6875
39900,36.59375,40.921875,20.765625,690.90625,1373.296875,303.1875,31.09375,44.0,21.953125,207.15625,2037.234375,212.828125
40000,38.390625,39.921875,19.90625,698.953125,1375.421875,294.375,32.078125,41.265625,21.40625,206.953125,2051.859375,202.46875
40100,37.953125,37.53125,19.03125,703.203125,1373.515625,277.375,31.328125,39.296875,20.21875,209.46875,1986.015625,256.5625
40200,36.6875,36.734375,19.78125,699.390625,1398.796875,287.015625,30.765625,38.375,20.796875,210.65625,2010.609375,234.046875
40300,37.96875,35.515625,18.71875,700.640625,1377.859375,295.09375,32.0625,38.203125,18.765625,211.265625,1981.515625,247.140625
40400,38.1875,34.859375,19.171875,700.890625,1447.5625,250.21875,32.125,36.90625,20.296875,206.703125,2006.71875,228.359375
40500,37.8125,35.1875,17.53125,701.953125,1399.9375,263.203125,31.84375,37.59375,18.578125,206.75,2049.515625,205.609375
40600,37.796875,35.84375,16.921875,697.484375,1437.4375,265.375,31.703125,38.734375,17.5625,204.234375,2066.609375,237.046875
40700,37.125,34.78125,17.609375,697.359375,1436.640625,268.34375,31.546875,35.9375,18.703125,206.8125,2051.515625,211.84375
40800,36.71875,37.453125,17.140625,700.875,1433.859375,261.921875,31.125,38.921875,18.296875,207.84375,2012.109375,257.34375
40900,36.53125,39.28125,16.890625,690.375,1437.671875,272.484375,30.90625,41.96875,17.078125,205.671875,2027.46875,242.015625
41000,36.8125,38.484375,17.1875,687.90625,1417.390625,278.140625,31.578125,40.8125,18.015625,205.71875,2017.640625,243.484375
41100,36.4375,38.78125,17.4375,702.453125,1409.5625,263.96875,30.421875,40.984375,18.515625,209.984375,2018.171875,244.140625
41200,36.609375,36.734375,18.984375,699.1875,1389.15625,281.78125,31.140625,39.09375,19.015625,209.0,1996.234375,257.75
41300,36.890625,35.921875,17.71875,699.765625,1376.6875,309.90625,30.84375,37.765625,18.484375,209.078125,2030.734375,246.296875
41400,37.640625,34.765625,17.8125,696.265625,1378.453125,298.40625,31.34375,36.53125,18.765625,209.75,2002.796875,265.578125
41500,37.546875,36.96875,17.34375,691.34375,1393.28125,303.46875,31.46875,38.921875,18.609375,209.015625,1991.4375,288.984375
41600,38.375,35.4375,17.34375,689.453125,1370.125,315.4375,31.65625,38.53125,18.71875,209.734375,1924.984375,314.9375
41700,38.65625,34.90625,18.265625,682.421875,1396.953125,292.96875,32.015625,37.421875,19.234375,206.40625,1956.359375,305.375
41800,38.953125,36.859375,18.15625,685.890625,1391.515625,272.53125,32.75,38.640625,18.609375,209.1875,1948.0625,289.546875
41900,39.015625,38.34375,19.25,684.15625,1364.671875,296.109375,32.578125,40.65625,20.359375,207.296875,2023.0,243.265625
42000,39.46875,40.53125,17.734375,690.109375,1342.78125,317.796875,33.015625,42.28125,18.828125,208.984375,1981.421875,254.203125
42100,39.75,40.59375,18.625,690.625,1351.921875,287.59375,33.3125,42.609375,19.984375,209.5625,1974.578125,241.890625
42200,38.75,37.640625,20.234375,691.328125,1402.578125,277.046875,32.390625,40.734375,21.265625,206.28125,1975.140625,280.046875
42300,36.84375,39.671875,21.859375,693.5625,1339.8125,331.796875,31.34375,41.25,23.0625,207.875,2020.78125,242.953125
42400,36.421875,38.609375,22.21875,695.390625,1337.921875,313.6875,30.84375,39.921875,23.6875,209.171875,1939.5625,283.984375
42500,37.9375,39.421875,22.1875,695.78125,1326.953125,320.0,31.640625,40.375,23.5625,208.9375,1928.625,288.15625
42600,37.671875,39.046875,21.1875,700.140625,1368.65625,285.09375,31.15625,41.28125,22.0625,209.515625,1953.125,268.171875
42700,38.0,37.3125,20.234375,697.15625,1409.046875,277.71875,32.046875,39.015625,21.5625,210.453125,2000.578125,255.953125
42800,37.921875,38.890625,20.484375,698.28125,1429.71875,257.046875,32.25,40.25,21.53125,209.328125,2030.984375,217.90625
42900,36.671875,36.828125,21.046875,697.890625,1462.296875,230.8125,30.859375,40.34375,22.65625,209.65625,2005.15625,232.484375
43000,36.765625,39.390625,22.046875,698.921875,1445.40625,250.609375,30.875,41.640625,22.890625,208.953125,2022.953125,218.328125
43100,37.703125,40.4375,20.6875,694.09375,1415.9375,265.796875,32.046875,42.296875,21.75,209.21875,2035.234375,216.796875
43200,36.203125,42.234375,22.59375,692.03125,1433.8125,254.5,30.828125,43.9375,23.046875,209.546875,1994.875,252.328125
43300,37.9375,43.015625,24.515625,691.6875,1436.6875,246.265625,31.90625,44.453125,26.46875,208.109375,1982.03125,256.4375
43400,36.625,43.15625,25.921875,689.890625,1395.96875,259.609375,31.40625,44.828125,26.8125,209.890625,1981.8125,238.90625
43500,35.5625,46.5625,25.9375,687.46875,1399.640625,260.578125,30.140625,48.046875,26.984375,210.421875,1995.4375,232.828125
43600,35.734375,49.515625,26.015625,683.578125,1429.484375,248.25,30.296875,52.234375,27.140625,211.890625,1942.953125,256.421875
43700,36.890625,51.421875,27.5,688.109375,1438.828125,244.34375,30.9375,54.0,28.03125,212.25,1968.515625,252.234375
43800,37.078125,50.890625,28.265625,694.46875,1400.65625,262.421875,30.359375,53.078125,29.640625,212.609375,1940.84375,256.015625
43900,37.1875,50.53125,29.015625,695.5,1407.484375,249.46875,30.90625,52.359375,30.4375,214.28125,1948.15625,243.546875
44000,37.28125,50.5625,27.921875,701.921875,1379.40625,260.859375,31.171875,52.71875,29.3125,214.75,1950.78125,236.59375
44100,37.046875,51.578125,27.234375,707.625,1408.25,225.21875,31.171875,53.765625,28.5,211.921875,2005.921875,214.953125
44200,37.421875,51.203125,26.265625,707.75,1439.0,197.515625,31.15625,52.796875,28.234375,212.140625,2001.390625,205.03125
44300,36.484375,52.0,25.84375,708.453125,1426.546875,197.875,30.140625,54.3125,27.984375,212.1875,1966.015625,236.015625
44400,37.6875,51.859375,24.28125,712.3125,1415.78125,221.515625,31.484375,53.578125,25.890625,215.15625,2031.078125,188.125
44500,37.296875,50.046875,23.40625,720.171875,1436.03125,221.6875,30.8125,52.109375,24.609375,213.265625,2015.1875,200.1875
44600,38.15625,49.828125,22.0,715.140625,1393.40625,240.484375,32.125,51.390625,22.9375,213.796875,1973.203125,235.625
44700,38.109375,47.09375,22.265625,721.203125,1406.421875,224.078125,32.296875,49.390625,23.71875,213.375,1964.78125,232.421875
44800,37.484375,46.265625,23.46875,712.171875,1431.890625,220.46875,31.625,47.8125,24.71875,215.609375,1969.21875,226.375
44900,38.34375,49.90625,20.375,715.828125,1393.015625,238.546875,31.453125,53.21875,21.25,216.109375,2007.03125,198.625
45000,38.171875,47.375,22.3125,711.46875,1388.84375,244.21875,32.0625,49.578125,22.96875,214.375,1974.015625,246.40625
45100,38.40625,44.765625,23.171875,707.640625,1365.640625,241.5,32.078125,47.8125,24.140625,213.265625,1981.1875,215.328125
45200,39.015625,45.15625,22.4375,706.0625,1387.296875,225.984375,32.25,47.5625,24.25,214.921875,1971.515625,224.609375
45300,39.09375,45.109375,21.5,700.953125,1401.046875,241.671875,31.703125,48.734375,22.9375,213.75,1964.03125,237.734375
45400,39.0625,46.109375,22.46875,710.09375,1393.609375,229.03125,32.0625,48.734375,23.921875,214.71875,1957.703125,259.921875
45500,38.703125,44.96875,21.671875,709.625,1406.328125,232.828125,31.75,47.375,23.25,215.390625,1970.203125,247.015625
45600,38.140625,46.421875,22.5,706.703125,1391.734375,261.8125,31.53125,50.625,24.109375,214.21875,1929.671875,278.40625
45700,37.203125,46.1875,22.796875,705.125,1415.390625,255.140625,31.046875,49.09375,24.015625,215.09375,1952.0,256.171875
45800,38.140625,47.0,21.375,707.171875,1413.765625,254.75,31.515625,50.015625,22.640625,216.6875,1935.09375,254.21875
45900,37.796875,47.375,21.265625,708.625,1434.53125,217.28125,31.625,49.140625,22.21875,214.890625,1937.3125,232.84375
46000,37.25,45.9375,19.609375,704.765625,1422.921875,244.03125,31.015625,49.34375,19.78125,213.6875,1943.9375,241.28125
46100,38.515625,43.078125,19.46875,700.296875,1410.046875,252.484375,32.109375,44.8125,21.578125,213.515625,2017.1875,222.453125
46200,37.75,42.734375,20.21875,709.578125,1399.859375,241.5,31.734375,44.796875,21.609375,215.046875,1996.53125,223.90625
46300,37.5,41.203125,20.484375,705.21875,1414.875,255.453125,31.59375,42.890625,21.90625,213.75,1961.28125,249.625
46400,37.453125,40.234375,21.4375,703.375,1415.09375,251.171875,31.546875,41.6875,23.125,212.6875,1943.0625,277.671875
46500,38.40625,43.40625,22.265625,702.390625,1369.125,255.796875,32.4375,44.90625,23.4375,212.40625,2007.828125,220.390625
46600,37.65625,46.265625,21.890625,706.8125,1407.4375,241.171875,31.65625,48.4375,22.453125,213.59375,2000.28125,231.03125
46700,37.703125,45.53125,20.71875,709.4375,1356.328125,253.734375,31.796875,49.140625,21.75,214.015625,2021.953125,206.046875
46800,38.171875,43.484375,20.84375,709.171875,1394.34375,244.671875,32.09375,45.859375,22.4375,215.96875,2045.640625,196.984375
46900,37.671875,46.0,22.765625,712.546875,1407.5,219.15625,31.8125,47.078125,23.640625,214.859375,2020.96875,197.515625
47000,37.4375,45.765625,23.125,711.1875,1375.734375,237.3125,31.6875,47.453125,24.453125,215.796875,1932.953125,241.453125
47100,37.203125,46.375,24.546875,711.234375,1354.28125,246.21875,31.25,47.578125,26.0,215.515625,1951.734375,242.515625
47200,37.65625,45.5625,24.8125,715.296875,1335.078125,259.109375,31.328125,47.5,26.109375,216.71875,1981.421875,217.28125
47300,37.875,48.015625,24.375,714.453125,1362.15625,262.53125,31.40625,50.640625,24.8125,216.953125,1991.71875,212.796875
47400,37.515625,48.0625,23.859375,711.40625,1350.234375,272.9375,31.375,49.859375,25.734375,217.109375,1957.375,249.4375
47500,37.09375,48.65625,24.984375,712.21875,1339.921875,283.234375,31.125,50.8125,26.328125,218.625,1853.953125,299.625
47600,37.421875,46.890625,24.375,712.765625,1351.71875,266.90625,31.5625,48.921875,26.234375,218.453125,1873.890625,286.765625
47700,36.453125,46.375,25.796875,708.28125,1310.5625,286.328125,30.53125,48.609375,27.296875,215.03125,1928.265625,288.84375
47800,36.859375,46.6875,25.140625,704.15625,1348.8125,255.203125,30.875,49.84375,25.28125,213.421875,1875.46875,321.25
47900,38.25,47.5,26.265625,704.453125,1354.765625,278.75,32.28125,50.65625,27.578125,211.265625,1927.171875,280.015625
48000,38.015625,51.140625,25.015625,702.921875,1347.4375,260.078125,31.9375,52.90625,26.109375,210.515625,1966.453125,248.21875
48100,36.25,53.640625,24.640625,702.25,1358.21875,252.53125,30.890625,57.359375,25.859375,210.96875,1933.546875,243.234375
48200,36.25,53.765625,24.5625,699.0625,1395.90625,238.65625,30.640625,57.046875,26.4375,212.828125,1920.203125,246.328125
48300,36.578125,54.53125,23.625,698.546875,1399.859375,247.203125,30.78125,57.515625,24.40625,210.453125,1947.578125,244.046875
48400,36.96875,54.828125,23.421875,694.96875,1464.84375,205.3125,31.140625,57.03125,24.8125,212.484375,1964.84375,241.703125
48500,38.5,53.984375,21.703125,696.203125,1412.546875,243.828125,32.09375,56.28125,22.390625,212.09375,1979.234375,212.140625
48600,37.671875,52.171875,21.75,705.140625,1365.046875,267.1875,31.78125,54.703125,22.46875,211.53125,1997.09375,214.015625
48700,38.34375,49.53125,21.609375,708.3125,1365.703125,278.34375,32.390625,53.84375,22.40625,214.078125,1954.921875,251.9375
48800,38.875,48.90625,22.9375,708.25,1362.3125,283.40625,32.03125,52.046875,23.828125,212.734375,1916.234375,288.734375
48900,38.9375,47.328125,22.84375,709.84375,1370.625,270.40625,32.34375,50.8125,23.953125,212.09375,1996.609375,236.4375
49000,39.578125,48.953125,24.375,708.453125,1325.453125,267.203125,32.703125,51.109375,25.046875,212.578125,1911.8125,293.453125
49100,38.921875,48.421875,23.296875,710.390625,1316.640625,274.0,32.015625,51.484375,24.765625,210.375,1954.140625,251.390625
49200,39.953125,47.875,21.78125,712.234375,1310.984375,285.765625,33.015625,50.28125,23.25,212.578125,1969.96875,241.25
49300,39.671875,47.890625,20.6875,717.265625,1273.859375,301.875,33.4375,49.734375,21.90625,215.9375,2032.40625,198.1875
49400,38.96875,48.5,20.71875,714.3125,1314.546875,287.015625,32.734375,51.328125,21.75,213.640625,1968.703125,236.171875
49500,38.8125,49.328125,22.625,707.171875,1322.15625,292.140625,32.046875,51.4375,23.46875,212.359375,1965.015625,248.859375
49600,38.796875,46.9375,22.890625,702.40625,1324.953125,264.125,32.703125,50.078125,23.84375,214.671875,1976.4375,251.109375
49700,38.328125,45.640625,22.96875,712.3125,1302.8125,257.84375,32.21875,47.8125,24.8125,214.703125,1964.546875,244.5625
49800,38.484375,44.03125,21.859375,713.5625,1323.09375,250.53125,32.375,46.875,22.0625,212.359375,1931.125,275.96875
49900,38.078125,45.53125,20.703125,712.0,1332.1875,246.21875,31.53125,48.65625,22.34375,211.40625,1924.171875,260.96875
50000,39.203125,45.75,20.25,711.0625,1330.28125,233.34375,32.578125,47.515625,22.328125,209.078125,1988.4375,232.296875
50100,38.90625,45.25,18.640625,708.765625,1344.390625,246.578125,32.390625,47.59375,20.125,209.5625,1916.703125,263.578125
50200,39.015625,42.953125,18.109375,703.015625,1355.046875,246.546875,33.0625,44.34375,19.40625,210.078125,1993.984375,210.734375
50300,39.59375,39.234375,18.453125,706.40625,1335.234375,264.390625,33.375,41.21875,20.6875,211.78125,1942.28125,253.984375
50400,39.515625,37.890625,19.09375,704.578125,1370.171875,225.15625,33.5625,39.6875,21.234375,209.515625,1948.09375,231.59375
50500,40.546875,37.546875,18.859375,707.34375,1388.328125,227.15625,33.515625,39.734375,19.21875,210.125,1983.3125,243.953125
50600,38.53125,38.828125,18.59375,711.875,1382.1875,228.296875,32.796875,41.34375,19.515625,211.125,1930.671875,243.5625
50700,38.953125,36.25,18.03125,706.921875,1386.453125,229.03125,32.875,37.71875,19.140625,209.640625,1936.109375,251.875
50800,38.515625,36.578125,17.8125,702.984375,1394.015625,239.75,32.875,38.984375,18.265625,209.203125,1991.671875,223.6875
50900,39.8125,37.140625,18.78125,702.203125,1388.359375,231.734375,32.796875,39.328125,19.84375,210.5,1987.28125,220.53125
51000,39.359375,38.046875,17.328125,703.671875,1423.421875,235.28125,32.71875,39.46875,18.671875,211.5625,2059.6875,200.125
51100,39.015625,38.390625,18.09375,703.53125,1447.5,222.125,32.421875,40.515625,18.953125,208.5,2032.625,239.46875
51200,39.34375,41.296875,18.5,699.140625,1359.484375,254.859375,33.125,43.03125,19.359375,209.09375,2054.5,193.21875
51300,38.953125,41.828125,18.71875,696.875,1399.609375,236.390625,32.609375,44.359375,19.515625,210.078125,2035.8125,212.171875
51400,38.734375,42.796875,20.84375,693.296875,1392.40625,250.375,32.953125,44.6875,22.203125,208.5625,1980.09375,237.40625
51500,38.59375,42.640625,22.71875,701.9375,1403.28125,236.4375,32.453125,45.578125,23.953125,208.84375,1992.171875,234.390625
51600,38.078125,44.171875,22.921875,700.59375,1396.78125,230.84375,32.25,48.25,23.65625,211.546875,1951.6875,252.75
51700,39.03125,46.859375,23.40625,692.875,1400.953125,231.3125,32.515625,50.671875,24.1875,207.71875,2033.203125,215.015625
51800,38.71875,45.203125,21.890625,693.90625,1410.734375,240.28125,32.15625,48.21875,23.5,210.421875,2034.140625,214.546875
51900,39.234375,44.578125,22.03125,696.109375,1387.109375,261.859375,33.015625,47.515625,22.9375,211.015625,2030.953125,215.96875
52000,39.0625,48.296875,21.34375,699.65625,1346.28125,261.28125,32.796875,50.65625,22.984375,212.1875,2022.984375,211.8125
52100,38.390625,48.71875,21.421875,708.921875,1367.765625,259.109375,31.9375,51.0625,22.546875,214.609375,2017.484375,211.21875
52200,37.734375,47.671875,23.171875,703.296875,1387.65625,230.40625,31.828125,49.515625,23.90625,216.1875,1980.15625,225.765625
52300,37.625,50.21875,22.15625,704.5,1389.546875,252.609375,31.578125,51.6875,23.3125,214.90625,1992.578125,210.265625
52400,38.375,50.21875,21.09375,706.5,1355.375,266.140625,31.921875,52.625,22.375,213.640625,2028.0625,198.953125
52500,37.53125,50.96875,21.640625,711.0,1390.953125,244.84375,31.75,52.71875,22.828125,215.453125,2027.671875,186.375
52600,38.828125,49.328125,22.953125,706.21875,1410.578125,217.546875,32.421875,52.40625,24.203125,214.40625,2051.59375,169.203125
52700,38.96875,48.546875,22.734375,704.890625,1385.015625,241.65625,32.90625,50.34375,23.84375,211.875,2031.0625,211.5
52800,38.9375,47.609375,22.46875,706.015625,1353.921875,260.65625,32.75,49.125,24.046875,212.8125,1969.328125,234.59375
52900,37.859375,49.328125,20.828125,708.96875,1371.359375,254.0625,31.484375,50.734375,21.8125,214.234375,1979.09375,221.890625
53000,39.59375,48.8125,19.28125,709.5625,1390.875,243.90625,32.734375,50.125,20.9375,213.984375,2002.5625,198.640625
53100,39.40625,48.234375,18.59375,703.0625,1438.578125,214.3125,32.578125,51.53125,19.796875,212.625,1995.09375,221.171875
53200,39.125,48.125,18.59375,706.375,1370.828125,252.421875,32.625,50.0625,20.1875,210.984375,2005.25,213.40625
53300,38.25,46.734375,19.75,701.46875,1417.90625,240.140625,32.078125,48.046875,20.8125,212.171875,2016.984375,202.546875
53400,38.90625,46.703125,20.0625,698.46875,1430.75,219.296875,32.4375,48.5625,21.40625,213.171875,2069.828125,177.65625
53500,39.125,44.78125,21.484375,700.234375,1437.109375,210.96875,32.953125,46.40625,22.703125,209.53125,2012.890625,216.296875
53600,38.0625,45.6875,22.703125,705.09375,1406.296875,225.40625,31.640625,48.375,23.5,212.015625,2003.5625,223.53125
53700,37.25,46.4375,22.515625,703.203125,1380.03125,240.578125,31.265625,48.609375,23.84375,210.84375,1943.015625,254.765625
53800,36.671875,46.4375,23.28125,705.515625,1380.546875,248.65625,30.65625,49.890625,24.265625,211.15625,1929.609375,257.015625
53900,37.625,47.59375,23.8125,701.984375,1408.390625,229.265625,31.40625,50.171875,25.078125,209.90625,1992.484375,223.1875
54000,37.34375,49.34375,24.53125,699.625,1337.34375,281.71875,31.234375,52.71875,25.34375,212.59375,1943.484375,248.875
54100,38.53125,50.671875,22.28125,700.546875,1353.484375,271.5,31.953125,53.25,24.515625,211.6875,1931.9375,268.859375
54200,37.578125,48.53125,21.828125,706.421875,1343.75,281.90625,31.546875,49.9375,24.28125,210.5,2000.96875,234.90625
54300,38.90625,47.6875,21.390625,701.25,1338.0,285.90625,32.34375,50.140625,22.515625,207.609375,2053.609375,201.6875
54400,38.421875,46.984375,20.625,707.03125,1349.984375,281.65625,32.1875,48.390625,22.0625,210.5,2064.625,199.203125
54500,38.859375,44.265625,19.25,710.078125,1412.390625,226.4375,32.453125,46.765625,20.5625,212.3125,2013.421875,236.625
54600,38.71875,42.625,19.53125,712.546875,1393.296875,234.34375,32.34375,44.671875,21.703125,212.203125,2036.125,202.671875
54700,39.015625,41.96875,20.015625,712.890625,1384.515625,243.1875,33.078125,43.328125,20.921875,213.484375,1990.96875,247.078125
54800,39.578125,38.5625,19.796875,714.59375,1369.25,259.3125,33.140625,40.390625,21.21875,210.828125,2034.59375,222.390625
54900,40.046875,39.21875,19.0625,709.65625,1368.1875,258.78125,33.5,41.046875,20.296875,211.578125,1985.671875,228.796875
55000,38.515625,39.015625,20.859375,718.203125,1366.515625,265.609375,32.96875,40.78125,22.0,213.625,2020.0625,218.859375
55100,39.15625,37.484375,20.40625,716.46875,1408.953125,226.546875,32.234375,40.28125,21.640625,213.71875,2008.625,185.375
55200,38.234375,37.4375,20.53125,712.734375,1355.78125,256.640625,31.765625,39.96875,22.078125,211.828125,1984.03125,244.28125
55300,37.953125,38.640625,20.75,710.234375,1378.671875,249.21875,31.796875,40.171875,21.734375,210.9375,1992.40625,229.4375
55400,39.03125,39.5625,19.0,710.0,1383.359375,251.28125,32.6875,41.109375,20.25,212.421875,1983.984375,234.0625
55500,39.1875,39.3125,17.890625,710.75,1379.828125,259.390625,32.703125,40.359375,19.09375,210.859375,1970.1875,241.171875
55600,39.15625,38.515625,18.390625,709.78125,1385.765625,265.984375,32.5625,40.921875,19.375,211.109375,2012.28125,225.046875
55700,38.421875,36.65625,17.375,707.5625,1348.09375,276.578125,32.6875,38.0625,18.421875,211.09375,2025.109375,214.1875
55800,39.390625,36.359375,17.328125,704.203125,1392.359375,261.265625,33.078125,37.828125,18.53125,210.203125,2038.328125,200.265625
55900,38.453125,39.46875,18.59375,705.953125,1362.015625,274.921875,32.828125,41.59375,19.765625,209.359375,1983.828125,218.484375
56000,37.6875,41.734375,19.390625,706.953125,1355.9375,261.625,31.734375,42.828125,20.125,212.359375,1972.0625,232.390625
56100,38.328125,39.65625,20.109375,700.0,1381.296875,270.71875,31.734375,41.875,21.484375,208.203125,2073.15625,164.5
56200,37.625,41.0,19.203125,697.28125,1406.984375,254.671875,32.0625,42.234375,20.140625,208.890625,2041.84375,201.34375
56300,37.296875,41.65625,20.265625,693.8125,1460.453125,228.78125,31.5625,43.453125,21.875,209.078125,2022.78125,186.640625
56400,38.703125,42.125,21.953125,692.09375,1415.390625,258.765625,32.125,44.359375,24.0625,208.15625,1981.921875,247.9375
56500,39.359375,43.640625,23.1875,693.28125,1436.375,246.375,33.5,45.859375,24.25,209.578125,2033.984375,209.5
56600,39.234375,44.09375,23.296875,690.515625,1445.3125,237.953125,32.78125,46.109375,24.828125,210.734375,1987.046875,240.171875
56700,39.234375,47.453125,23.5,691.984375,1452.15625,239.96875,32.609375,48.765625,24.40625,211.1875,2028.53125,210.03125
56800,38.625,50.5625,24.75,696.34375,1438.375,248.078125,32.4375,52.3125,25.71875,212.984375,1948.71875,246.46875
56900,37.78125,51.328125,25.5625,694.453125,1436.40625,239.625,31.734375,54.921875,26.609375,212.34375,1998.3125,210.9375
57000,37.234375,52.21875,24.484375,696.71875,1458.546875,212.46875,31.25,53.984375,26.46875,215.234375,2003.625,188.03125
57100,38.390625,52.984375,23.90625,694.734375,1405.09375,253.890625,32.328125,55.1875,25.234375,212.890625,2008.171875,193.796875
57200,37.859375,51.59375,21.375,698.828125,1426.640625,240.375,31.75,54.9375,22.4375,212.90625,2032.703125,180.15625
57300,38.265625,49.71875,20.640625,700.984375,1439.359375,238.359375,32.5,50.9375,22.203125,212.375,2022.53125,205.859375
57400,38.578125,46.9375,21.15625,696.875,1449.796875,235.828125,32.15625,50.09375,22.34375,212.828125,2008.546875,211.546875
57500,38.3125,44.765625,19.890625,693.890625,1428.03125,262.484375,31.609375,46.921875,21.0625,211.5625,2021.03125,225.296875
57600,38.375,42.15625,19.046875,695.5,1364.15625,283.84375,32.296875,43.484375,20.515625,210.015625,2065.0625,190.921875
57700,38.4375,41.3125,18.875,694.8125,1397.8125,291.984375,31.90625,43.890625,20.046875,209.390625,2061.90625,203.59375
57800,38.234375,37.140625,18.375,692.765625,1389.28125,293.109375,32.171875,39.46875,19.515625,206.359375,2066.765625,208.328125
57900,38.546875,35.9375,18.5,701.671875,1382.109375,290.796875,32.640625,39.03125,20.140625,209.375,2044.5625,213.265625
58000,38.65625,36.046875,18.78125,698.0,1386.296875,289.359375,32.0,38.515625,20.078125,209.4375,2064.140625,194.8125
58100,37.890625,36.515625,18.140625,700.875,1377.25,282.5625,31.859375,38.6875,19.65625,213.390625,2004.46875,240.015625
58200,37.171875,38.171875,19.28125,702.8125,1399.328125,267.953125,31.65625,40.171875,19.84375,215.25,2031.015625,235.0
58300,39.15625,37.1875,19.765625,697.671875,1404.421875,248.53125,32.65625,39.234375,20.859375,213.953125,2003.546875,230.125
58400,39.5625,42.0,19.0,700.59375,1431.625,241.796875,33.34375,43.234375,20.546875,215.375,2005.921875,233.109375
58500,38.59375,39.828125,20.828125,697.9375,1405.421875,248.390625,32.140625,43.953125,21.234375,214.796875,2017.328125,219.109375
58600,37.46875,39.140625,20.828125,704.609375,1388.96875,249.53125,30.921875,42.03125,21.828125,213.265625,2016.140625,227.359375
58700,37.78125,39.046875,21.21875,699.5625,1367.453125,274.375,30.890625,41.75,23.34375,211.15625,2053.109375,188.109375
58800,37.671875,41.578125,21.796875,701.421875,1321.140625,299.078125,31.453125,43.0,23.09375,212.125,1980.546875,257.46875
58900,38.578125,40.171875,21.15625,694.453125,1333.671875,279.84375,31.75,42.34375,22.90625,210.34375,2038.625,207.8125
59000,38.640625,39.515625,20.53125,697.140625,1340.0,286.375,32.140625,42.375,21.28125,211.015625,1977.125,264.3125
59100,38.078125,40.03125,21.390625,698.109375,1308.453125,288.328125,32.203125,41.984375,22.75,210.96875,1981.96875,256.6875
59200,39.0,39.453125,21.265625,695.859375,1362.21875,262.96875,32.984375,41.578125,22.609375,210.09375,2003.703125,229.84375
59300,38.5,39.875,20.859375,688.765625,1376.171875,268.671875,32.25,41.140625,22.171875,210.5625,1995.5625,225.578125
59400,37.75,39.53125,22.53125,694.75,1394.78125,251.859375,31.984375,41.59375,22.796875,209.109375,2041.453125,185.609375
59500,38.3125,41.53125,21.921875,694.109375,1337.109375,291.875,32.34375,42.953125,23.328125,209.109375,1917.15625,256.953125
59600,38.28125,42.078125,21.65625,695.703125,1340.28125,273.0,31.734375,45.140625,22.734375,210.28125,1941.09375,261.046875
59700,38.265625,40.46875,22.296875,693.28125,1350.078125,271.140625,31.53125,43.90625,23.09375,208.875,1968.453125,245.390625
59800,39.171875,39.875,22.828125,687.234375,1329.703125,290.296875,33.328125,42.15625,23.5625,211.109375,1981.0,226.328125
59900,38.0,39.15625,21.40625,692.375,1367.015625,289.171875,31.984375,41.078125,22.890625,210.8125,1983.71875,246.171875
60000,39.546875,39.65625,20.671875,690.4375,1353.875,288.5,32.4375,41.765625,22.609375,208.984375,2017.40625,217.359375
60100,40.15625,37.921875,20.953125,697.21875,1325.328125,291.890625,33.640625,39.765625,21.90625,210.40625,1958.0625,251.484375
60200,40.453125,39.46875,19.640625,696.40625,1382.46875,249.125,33.625,41.640625,20.921875,211.75,1969.359375,236.265625
60300,40.515625,38.828125,19.4375,700.90625,1411.3125,239.546875,33.328125,41.796875,20.703125,209.03125,2019.609375,231.8125
60400,39.71875,39.265625,20.328125,701.1875,1401.21875,237.640625,33.140625,41.6875,21.59375,209.953125,1933.4375,277.921875
60500,39.25,41.671875,20.984375,698.984375,1390.46875,269.734375,32.859375,43.1875,22.296875,209.234375,2011.9375,221.734375
60600,40.890625,40.75,21.484375,699.234375,1401.9375,240.71875,33.9375,44.59375,21.765625,208.578125,1956.640625,238.640625
60700,40.421875,40.515625,21.65625,700.78125,1388.78125,255.625,33.71875,42.453125,23.28125,210.6875,1977.578125,228.4375
60800,41.078125,40.84375,22.40625,702.21875,1401.296875,245.265625,34.140625,45.15625,23.203125,211.234375,1992.890625,232.703125
60900,41.375,43.6875,22.421875,699.359375,1396.765625,267.84375,35.046875,47.171875,23.546875,212.46875,1968.765625,241.65625
61000,40.265625,44.921875,22.515625,699.21875,1437.125,219.296875,33.4375,47.296875,23.453125,213.578125,1980.515625,237.953125
61100,38.953125,46.375,22.921875,701.390625,1433.28125,232.8125,32.140625,48.3125,24.359375,211.46875,2003.328125,236.78125
61200,39.75,46.65625,21.640625,698.515625,1428.234375,234.390625,32.984375,48.09375,23.71875,214.40625,1986.46875,225.890625
61300,40.6875,45.734375,22.78125,702.9375,1414.625,233.25,34.03125,47.890625,24.25,214.53125,1970.765625,234.765625
61400,40.671875,44.328125,24.0625,702.171875,1361.796875,259.765625,33.5,46.609375,25.734375,213.359375,1985.90625,224.265625
61500,39.796875,45.671875,24.0625,706.4375,1425.359375,216.75,32.9375,47.859375,25.796875,216.46875,1977.640625,225.0625
61600,38.609375,45.5,25.578125,710.953125,1405.453125,213.484375,32.78125,47.96875,27.046875,216.5625,1975.546875,208.6875
61700,39.5625,46.625,25.609375,707.25,1411.8125,214.4375,33.15625,49.484375,27.828125,215.75,1997.921875,204.578125
61800,38.65625,48.296875,25.953125,711.953125,1381.53125,228.265625,32.453125,52.4375,26.828125,216.171875,1966.765625,215.171875
61900,39.046875,49.859375,25.671875,708.296875,1407.625,199.296875,32.234375,52.328125,28.34375,214.171875,1922.34375,248.21875
62000,40.234375,50.484375,25.28125,715.09375,1355.53125,232.890625,33.078125,53.25,27.453125,214.390625,1928.65625,239.265625
62100,39.0,49.625,23.59375,713.625,1381.171875,230.09375,32.34375,52.03125,24.921875,213.578125,1936.578125,243.171875
62200,40.03125,50.140625,23.671875,712.671875,1356.078125,235.453125,33.515625,53.03125,25.015625,213.640625,1944.59375,234.875
62300,41.578125,49.390625,23.015625,713.140625,1310.21875,264.28125,34.296875,52.65625,24.1875,215.03125,1929.15625,243.0625
62400,41.28125,49.203125,22.453125,712.75,1285.359375,281.984375,33.765625,51.109375,24.0625,215.25,1959.328125,212.203125
62500,41.65625,47.359375,21.921875,716.3125,1304.59375,255.25,34.4375,50.984375,23.328125,215.40625,1949.953125,241.109375
62600,41.890625,47.5625,21.453125,719.5625,1278.75,286.234375,34.78125,50.578125,22.5,214.09375,1977.5625,225.546875
62700,42.015625,45.765625,21.09375,716.296875,1302.9375,290.28125,34.375,48.890625,22.625,215.390625,1953.078125,222.640625
62800,41.078125,47.421875,20.359375,723.21875,1306.703125,265.859375,34.015625,50.859375,21.296875,219.984375,1905.609375,242.5625
62900,40.53125,45.8125,19.96875,725.375,1337.046875,253.015625,33.546875,48.59375,20.921875,217.375,1900.984375,266.84375
63000,40.453125,46.078125,20.125,722.625,1317.890625,263.28125,33.421875,48.90625,21.140625,215.453125,1953.703125,226.234375
63100,40.53125,47.5,21.1875,723.546875,1384.84375,217.734375,33.765625,49.171875,22.90625,215.890625,1939.046875,236.0
63200,41.015625,42.765625,21.734375,714.796875,1380.265625,227.328125,34.359375,48.234375,22.78125,213.078125,2011.421875,201.578125
63300,42.09375,44.40625,22.375,710.9375,1381.859375,232.21875,35.109375,47.953125,23.5625,214.40625,2010.75,190.5
63400,42.296875,42.96875,20.28125,709.234375,1375.1875,248.359375,35.34375,45.46875,21.4375,211.1875,2023.875,190.53125
63500,42.765625,39.921875,21.578125,715.8125,1322.5625,278.171875,36.109375,43.40625,21.96875,213.84375,1988.796875,221.90625
63600,42.84375,43.046875,22.21875,714.625,1374.421875,242.09375,35.703125,46.671875,23.296875,212.71875,2027.0625,185.203125
63700,42.875,43.75,21.953125,715.28125,1359.234375,261.140625,35.65625,47.015625,22.96875,215.625,1986.296875,211.765625
63800,41.96875,47.546875,21.0,713.46875,1354.984375,255.4375,34.640625,51.40625,21.4375,214.53125,1974.84375,221.046875
63900,41.015625,48.375,21.90625,718.03125,1302.078125,271.328125,34.28125,50.59375,22.953125,214.140625,2007.765625,211.90625
64000,40.75,48.78125,22.234375,720.46875,1332.90625,259.796875,34.0625,50.5625,23.34375,215.859375,1933.734375,244.75
64100,39.640625,46.75,24.109375,718.1875,1339.546875,252.5625,32.921875,49.09375,25.53125,215.890625,1937.671875,218.265625
64200,39.625,46.984375,25.109375,712.78125,1333.796875,262.703125,33.375,48.875,26.296875,213.546875,1939.71875,252.171875
64300,39.859375,47.296875,26.03125,720.078125,1289.9375,286.03125,33.828125,51.140625,27.15625,216.5625,1912.796875,245.890625
64400,40.578125,46.265625,26.09375,717.515625,1339.125,260.515625,34.1875,47.890625,27.140625,215.3125,1899.3125,271.578125
64500,41.953125,44.609375,25.703125,717.703125,1328.015625,271.515625,34.8125,47.0,26.90625,215.390625,1918.578125,264.140625
64600,40.921875,43.015625,25.6875,727.703125,1306.1875,287.828125,33.625,45.28125,27.875,218.375,1877.1875,284.984375
64700,40.625,42.578125,24.578125,728.640625,1289.828125,280.203125,34.0,44.671875,26.328125,216.203125,1899.59375,272.671875
64800,42.015625,41.109375,23.875,720.5,1306.203125,281.984375,35.125,43.078125,25.53125,213.09375,1992.09375,206.171875
64900,41.046875,43.328125,23.75,722.53125,1252.0,300.53125,34.25,46.59375,24.921875,216.390625,2002.625,215.796875
65000,40.78125,44.4375,25.21875,724.1875,1236.921875,309.953125,34.578125,46.171875,26.015625,218.328125,1890.765625,276.484375
65100,40.953125,44.484375,24.828125,726.734375,1238.03125,314.875,34.40625,45.46875,26.046875,218.421875,1925.890625,275.953125
65200,39.421875,46.640625,25.53125,729.140625,1252.953125,300.890625,33.671875,48.84375,26.546875,218.859375,1909.796875,284.859375
65300,39.828125,46.171875,24.453125,724.59375,1236.59375,342.921875,33.453125,50.109375,25.1875,216.890625,1882.46875,325.1875
65400,40.296875,45.203125,23.984375,712.53125,1211.5,380.484375,33.921875,49.90625,23.90625,216.03125,1884.625,300.03125
65500,40.1875,45.234375,24.125,713.5,1237.65625,328.953125,33.75,49.359375,23.890625,215.828125,1946.078125,246.390625
65600,42.46875,43.1875,23.203125,716.765625,1238.71875,324.0625,34.96875,46.125,24.34375,216.671875,1926.78125,277.6875
65700,42.9375,43.453125,21.265625,715.1875,1259.59375,307.09375,35.984375,46.171875,22.484375,217.859375,1891.296875,277.171875
65800,40.9375,40.171875,22.65625,716.03125,1269.078125,300.734375,34.65625,42.84375,22.875,213.46875,1966.3125,248.921875
65900,40.4375,41.015625,22.359375,716.15625,1240.171875,310.90625,33.84375,44.484375,22.953125,213.28125,1973.015625,227.484375
66000,39.953125,43.0,21.484375,717.046875,1251.625,299.53125,33.78125,45.21875,22.6875,213.65625,2003.71875,202.078125
66100,41.78125,41.1875,21.671875,711.578125,1296.21875,294.5625,34.96875,43.953125,23.140625,213.4375,1974.625,239.265625
66200,40.671875,39.140625,21.828125,714.921875,1268.390625,316.46875,33.953125,41.859375,23.078125,213.609375,1885.421875,286.609375
66300,40.921875,40.53125,22.765625,712.515625,1286.3125,301.375,34.265625,47.25,22.6875,212.65625,1931.046875,255.703125
66400,39.65625,44.25,24.171875,714.953125,1303.421875,293.875,33.296875,49.34375,23.65625,214.390625,1869.5,295.609375
66500,39.921875,44.640625,23.890625,721.296875,1313.96875,274.703125,33.515625,46.484375,25.875,214.203125,1954.421875,241.046875
66600,39.21875,47.546875,22.875,714.90625,1326.984375,276.421875,32.953125,51.578125,23.953125,212.09375,1945.140625,235.703125
66700,38.015625,51.328125,22.015625,710.671875,1316.34375,289.546875,31.8125,53.59375,23.953125,211.5625,1963.109375,237.21875
66800,38.515625,49.375,23.578125,712.640625,1366.921875,246.5625,31.78125,52.140625,24.65625,213.5,1925.75,269.390625
66900,40.046875,46.59375,21.84375,700.65625,1390.390625,252.546875,33.359375,48.703125,23.671875,213.484375,1963.546875,236.65625
67000,40.328125,44.125,22.484375,697.390625,1411.75,233.1875,33.75,46.03125,23.796875,209.453125,1930.671875,277.921875
67100,39.796875,42.546875,22.984375,694.015625,1406.9375,235.46875,33.546875,45.109375,23.734375,209.46875,1974.96875,240.171875
67200,40.109375,39.1875,21.671875,700.96875,1329.40625,268.96875,33.390625,42.5625,23.1875,210.9375,1974.984375,240.421875
67300,40.609375,37.625,20.53125,698.734375,1349.71875,257.3125,34.171875,39.4375,21.75,211.03125,1973.90625,246.59375
67400,41.578125,35.46875,19.59375,697.625,1351.484375,261.125,34.765625,37.984375,20.734375,210.6875,2026.0625,204.296875
67500,41.1875,36.40625,19.53125,701.703125,1361.59375,262.234375,34.21875,38.484375,20.8125,211.375,2039.03125,219.890625
67600,41.078125,35.75,18.703125,695.265625,1384.609375,266.359375,34.734375,38.046875,19.890625,210.6875,2006.359375,225.453125
67700,42.4375,35.84375,17.703125,693.515625,1375.609375,261.5625,35.25,37.578125,18.796875,210.390625,2002.765625,218.46875
67800,41.703125,35.765625,18.578125,697.1875,1391.90625,250.171875,35.203125,37.515625,20.15625,210.40625,2028.875,209.53125
67900,42.015625,36.96875,19.03125,694.171875,1403.53125,240.375,35.390625,38.921875,20.859375,211.34375,2064.21875,172.15625
68000,42.375,36.125,19.65625,696.46875,1371.84375,252.21875,35.359375,38.3125,21.109375,213.203125,2039.796875,193.6875
68100,40.5,37.140625,19.953125,705.203125,1419.96875,223.71875,33.8125,39.46875,21.0,214.3125,2032.5,191.53125
68200,40.09375,37.0625,19.4375,703.71875,1419.515625,225.484375,33.375,39.09375,20.578125,214.5,2005.734375,190.59375
68300,40.9375,38.0,19.46875,702.265625,1365.421875,266.453125,33.8125,39.796875,21.046875,217.40625,1987.28125,226.640625
68400,39.84375,41.984375,20.0625,704.6875,1336.03125,269.390625,33.625,43.890625,21.796875,216.21875,1956.671875,231.546875
68500,39.859375,42.515625,20.71875,706.8125,1336.015625,259.65625,33.359375,44.734375,21.734375,214.0,1950.46875,238.328125
68600,40.78125,43.140625,20.390625,706.53125,1352.75,250.5,34.015625,46.140625,21.5625,213.46875,1979.703125,224.875
68700,39.546875,44.625,20.65625,713.359375,1344.59375,250.0625,33.609375,46.359375,22.09375,213.25,1973.0,247.640625
68800,40.09375,45.15625,19.46875,713.578125,1366.96875,242.53125,33.765625,46.96875,20.8125,217.390625,1924.75,255.390625
68900,40.65625,44.40625,19.96875,715.5625,1373.1875,226.09375,33.828125,46.65625,21.25,219.171875,1921.3125,228.796875
69000,39.578125,44.3125,20.875,709.90625,1413.96875,193.84375,33.328125,46.875,21.796875,217.71875,1949.09375,222.15625
69100,38.734375,43.625,19.609375,713.046875,1395.53125,207.921875,32.578125,46.109375,20.609375,217.859375,1913.59375,246.5625
69200,38.953125,44.671875,18.71875,710.0,1393.171875,208.6875,32.125,47.171875,20.375,216.75,1948.34375,232.828125
69300,38.921875,43.03125,19.4375,707.15625,1390.484375,221.0625,32.5625,44.515625,20.796875,216.4375,1957.328125,215.796875
69400,40.375,41.609375,20.765625,708.1875,1423.796875,205.25,33.375,44.0625,22.03125,216.71875,1934.421875,236.828125
69500,40.765625,40.9375,20.796875,699.484375,1394.578125,225.515625,33.765625,43.28125,21.8125,216.59375,1926.609375,238.890625
69600,41.140625,40.921875,19.90625,700.890625,1405.28125,243.265625,33.625,43.515625,21.328125,215.515625,1975.375,210.0
69700,41.8125,42.5,19.015625,699.21875,1415.453125,244.25,35.234375,44.171875,20.890625,215.234375,1975.28125,216.046875
69800,39.921875,42.390625,19.53125,698.96875,1411.765625,239.53125,33.171875,44.90625,20.234375,216.515625,1966.3125,215.515625
69900,42.109375,39.9375,20.21875,704.21875,1387.765625,240.421875,34.703125,42.65625,21.71875,216.328125,1952.96875,222.859375
70000,40.3125,42.21875,20.515625,703.53125,1376.40625,255.265625,33.578125,43.9375,21.578125,217.5,1981.546875,212.484375
